h;h0
0.7719779702008447;0.83
0.7787124318533846;0.8342130987292278
0.8809270231780448;0.8384261974584555
0.6719452359895659;0.8426392961876833
1.1296634428541648;0.846852394916911
1.1144197585795936;0.8510654936461388
0.7653972137737501;0.8552785923753665
1.2657599388122385;0.8594916911045943
1.2584487140984355;0.863704789833822
0.5061551542626843;0.8679178885630499
1.0697405893028185;0.8721309872922776
1.1993677747627771;0.8763440860215054
1.1722331703287516;0.8805571847507331
0.8873408328936705;0.8847702834799609
0.6531772081665671;0.8889833822091886
0.6764525676382438;0.8931964809384164
1.1416728496449047;0.8974095796676441
0.6447510137836666;0.9016226783968719
0.9728335650289555;0.9058357771260996
0.4824428667924625;0.9100488758553275
1.2154129374333227;0.9142619745845552
1.239259515742742;0.918475073313783
0.8053639022162196;0.9226881720430107
0.6412741812182035;0.9269012707722385
1.1791156906020395;0.9311143695014662
0.6025026634427991;0.935327468230694
1.1274029073196616;0.9395405669599217
1.0452164003424085;0.9437536656891495
0.5587902741136657;0.9479667644183772
0.7256986419984056;0.952179863147605
1.0282245856010475;0.9563929618768328
0.7515186662428637;0.9606060606060606
0.9871017464760177;0.9648191593352883
0.8901838158532756;0.9690322580645161
0.6823217778651088;0.9732453567937438
1.377593895242285;0.9774584555229716
0.9625538771946465;0.9816715542521993
0.7921392771912772;0.9858846529814271
1.0599331368536302;0.9900977517106548
0.7746297803466851;0.9943108504398827
1.3643072694023932;0.9985239491691104
1.3796607325831458;1.0027370478983382
0.9317424806894216;1.0069501466275659
1.3349173974198043;1.0111632453567936
0.6210723692351032;1.0153763440860215
1.0209720511420488;1.0195894428152492
0.8121822703199406;1.023802541544477
1.2492836892291086;1.0280156402737046
1.2985514314690865;1.0322287390029325
0.7859120643312296;1.0364418377321603
0.9129604469957291;1.040654936461388
0.6805051834025968;1.0448680351906159
1.090869407012997;1.0490811339198436
0.9903540303127747;1.0532942326490713
0.7179655196637669;1.057507331378299
0.7767230917201338;1.0617204301075267
0.8220051892499878;1.0659335288367546
1.047873134837631;1.0701466275659823
1.458471871164461;1.07435972629521
0.7432132369436;1.078572825024438
0.7164894436677834;1.0827859237536657
1.4708335031896724;1.0869990224828934
1.5259033176308328;1.091212121212121
1.4450231003941083;1.0954252199413488
1.4389249172279905;1.0996383186705767
0.7612349135540177;1.1038514173998044
1.3475607353978583;1.1080645161290321
1.3415877747631626;1.11227761485826
1.2447148328071922;1.1164907135874877
1.2126701091996173;1.1207038123167155
1.2034941751419923;1.1249169110459432
0.8363111654550421;1.1291300097751709
0.739770738116377;1.1333431085043988
0.7830968880522972;1.1375562072336265
1.4466040359955812;1.1417693059628542
0.8986981784837608;1.1459824046920821
1.4577031617351828;1.1501955034213098
0.8037371285631101;1.1544086021505375
1.2320086593169108;1.1586217008797652
1.608793963171468;1.162834799608993
0.7207574011080979;1.1670478983382209
1.1480936203796286;1.1712609970674486
1.0244284185194017;1.1754740957966763
0.787866177596295;1.1796871945259042
1.2052324935660599;1.183900293255132
1.05400549360586;1.1881133919843596
1.2629196889029508;1.1923264907135873
1.503264061884512;1.196539589442815
1.1493051009904636;1.200752688172043
0.986731513911261;1.2049657869012707
1.6440521890825115;1.2091788856304984
0.9296954152917174;1.2133919843597263
1.0192015248826456;1.217605083088954
1.5756407551587062;1.2218181818181817
1.2433800894686988;1.2260312805474094
1.3830045239770767;1.230244379276637
1.298103432223343;1.234457478005865
1.090112698542722;1.2386705767350927
1.3932089919792838;1.2428836754643204
1.1927424557707853;1.2470967741935484
1.4429027693183138;1.251309872922776
0.9418560308116761;1.2555229716520038
1.0122204869021352;1.2597360703812317
1.465551147142438;1.2639491691104594
1.6568063104051967;1.268162267839687
1.584687109719704;1.2723753665689148
1.2831123990050015;1.2765884652981425
1.1031744136373898;1.2808015640273704
1.6552732005778292;1.2850146627565981
1.3607925280427988;1.2892277614858259
1.127801244480736;1.2934408602150538
0.9105362947698662;1.2976539589442815
1.1295724438457866;1.3018670576735092
1.3356627063789377;1.306080156402737
0.9735815441462828;1.3102932551319646
1.1877231106466493;1.3145063538611925
0.9877782675912272;1.3187194525904202
1.4879969031773104;1.322932551319648
1.4056343066575179;1.3271456500488759
0.9098940441422925;1.3313587487781033
1.3519194040830667;1.3355718475073313
1.7236127739768143;1.339784946236559
1.658312030968525;1.3439980449657867
1.184169316663445;1.3482111436950146
1.644662759990377;1.3524242424242423
1.4455478150912635;1.35663734115347
1.1547707080041434;1.360850439882698
0.9547000353045436;1.3650635386119254
1.5824141154361941;1.3692766373411533
1.3547268734898303;1.3734897360703813
0.9973188552016699;1.3777028347996088
1.5171574785080888;1.3819159335288367
0.9567814566656796;1.3861290322580644
1.7009931902397435;1.390342130987292
1.2194719942018704;1.39455522971652
1.6431859158725488;1.3987683284457477
1.4359912447032164;1.4029814271749754
1.4075639067715804;1.4071945259042034
1.549710199531298;1.4114076246334308
1.0538981678649133;1.4156207233626588
1.5444428315208514;1.4198338220918865
1.0009457811330382;1.4240469208211142
1.4585282453339956;1.428260019550342
1.580300752274634;1.4324731182795698
1.6939281492810958;1.4366862170087975
1.559551652105606;1.4408993157380254
1.32599576375564;1.445112414467253
1.2502567022464197;1.4493255131964808
1.4077695033039928;1.4535386119257085
1.643575180398653;1.4577517106549363
1.0568652561933645;1.4619648093841642
1.480450892619931;1.4661779081133919
1.43719269066436;1.4703910068426196
1.0284430864024747;1.4746041055718475
1.0571162277918826;1.478817204301075
1.2942506755494119;1.483030303030303
1.1034471290532883;1.4872434017595306
1.172822499452041;1.4914565004887583
1.5468831226293314;1.4956695992179863
1.315844652610887;1.499882697947214
1.9271435425851868;1.5040957966764417
1.757046465128178;1.5083088954056696
1.1596881260288219;1.512521994134897
1.345189297728613;1.516735092864125
1.9548220938645808;1.5209481915933527
1.7607765163612952;1.5251612903225804
1.3690807571905745;1.5293743890518083
1.943251838487022;1.533587487781036
1.9736263769100293;1.5378005865102637
1.5889256262127882;1.5420136852394917
1.8279632734513822;1.5462267839687192
1.6611065413194221;1.550439882697947
1.6098603867937835;1.5546529814271748
1.954813697874771;1.5588660801564025
1.4750417273065928;1.5630791788856304
1.5342654620264997;1.5672922776148581
1.9862499119630521;1.5715053763440858
1.810674758729106;1.5757184750733138
1.6548082695163586;1.5799315738025412
1.9339559264132025;1.5841446725317692
1.2353258899691224;1.5883577712609969
1.953819380414335;1.5925708699902246
1.459722184881311;1.5967839687194525
1.1697039344620166;1.6009970674486802
1.597625355026278;1.605210166177908
1.2321907316701834;1.6094232649071358
1.450613902171978;1.6136363636363633
1.528690948733629;1.6178494623655912
1.6081284790467203;1.622062561094819
2.0627028040358724;1.6262756598240466
1.8821598012172704;1.6304887585532746
2.00800193492276;1.6347018572825023
1.75198450789481;1.63891495601173
1.4437259544165952;1.643128054740958
1.6014563218770526;1.6473411534701856
1.8605263614079437;1.6515542521994133
1.702048532877575;1.6557673509286412
1.2426540020771473;1.6599804496578687
1.4421453574270269;1.6641935483870967
1.2827546541535404;1.6684066471163244
1.9904914389682307;1.672619745845552
1.3793693321114822;1.67683284457478
1.3721976341654532;1.6810459433040077
1.8325402625934868;1.6852590420332354
2.025622856327119;1.6894721407624633
1.7148809590768064;1.6936852394916908
1.4723184529470412;1.6978983382209187
1.751448953121213;1.7021114369501464
1.5862860104622882;1.7063245356793741
1.5981763280202406;1.710537634408602
1.9301517680463909;1.7147507331378298
1.3497497333656023;1.7189638318670575
1.388643443253458;1.7231769305962854
2.1530959871774753;1.7273900293255129
1.4490378010404528;1.7316031280547408
1.8385034981356874;1.7358162267839685
2.031897539788639;1.7400293255131962
1.867943058107774;1.7442424242424241
1.3585296911500815;1.7484555229716519
1.4808380848216642;1.7526686217008796
1.395657070030811;1.7568817204301075
1.5887532957159132;1.761094819159335
1.695515240260257;1.765307917888563
1.8234835590571465;1.7695210166177906
1.44321006056748;1.7737341153470183
1.9538706229897558;1.7779472140762462
2.007299581324748;1.782160312805474
1.6663623824207012;1.7863734115347016
1.4715686408568422;1.7905865102639296
2.0451178703350714;1.794799608993157
2.1223861327724154;1.799012707722385
1.995313852255055;1.8032258064516127
1.8025954874832422;1.8074389051808404
1.8607253856253954;1.8116520039100683
2.207291680339393;1.815865102639296
1.6665908090475692;1.8200782013685237
1.8758018624969055;1.8242913000977516
1.4301552612591637;1.8285043988269791
1.6230750559437863;1.832717497556207
1.6008418114770295;1.836930596285435
1.6302363775937947;1.8411436950146625
2.290584276720653;1.8453567937438904
2.025402617390217;1.8495698924731179
1.9326828264241982;1.8537829912023458
1.4212438907545768;1.8579960899315737
1.5237587877659373;1.8622091886608012
2.083911729957487;1.8664222873900291
2.021810304872313;1.870635386119257
1.6511728157613612;1.8748484848484845
2.2170989232685874;1.8790615835777125
2.2313294673447306;1.88327468230694
2.027749621767278;1.8874877810361679
1.610106258474716;1.8917008797653958
2.1516204024511367;1.8959139784946233
1.7377970407061238;1.9001270772238512
1.6749077925621623;1.9043401759530791
1.5139102754221998;1.9085532746823066
2.201899520191641;1.9127663734115345
1.768044306505196;1.9169794721407625
2.1309318030652684;1.92119257086999
1.7790163520419444;1.9254056695992179
2.124770096097942;1.9296187683284454
1.703917883150314;1.9338318670576733
2.316364716447216;1.9380449657869012
1.7021791056235334;1.9422580645161287
1.567519532509631;1.9464711632453566
1.8945258343031262;1.9506842619745846
1.8472449397566302;1.954897360703812
2.3111347358404366;1.95911045943304
1.8922019909336036;1.9633235581622674
2.1004823426250123;1.9675366568914954
2.120612781242608;1.9717497556207233
2.2875360846202097;1.9759628543499508
1.6082545334912224;1.9801759530791787
1.6446520577668176;1.9843890518084066
2.3888908718675412;1.9886021505376341
1.9057551254917304;1.992815249266862
1.6899205986027923;1.9970283479960895
2.2200050016189405;2.0012414467253175
1.8829800144279696;2.0054545454545454
1.6840230144068464;2.009667644183773
2.44784220170101;2.013880742913001
2.119438968815255;2.0180938416422287
2.2044478808959576;2.022306940371456
2.2163065712052714;2.026520039100684
2.1899947602478225;2.0307331378299116
1.7227682175002352;2.0349462365591395
1.9361349423694465;2.0391593352883675
2.440683278482208;2.043372434017595
1.6483860372307553;2.047585532746823
2.1418496179280915;2.051798631476051
1.6094578410207596;2.0560117302052783
1.8400123378551616;2.060224828934506
2.5045126676841654;2.0644379276637337
1.743299164889883;2.0686510263929616
2.019645197164812;2.0728641251221895
1.7947140723609611;2.077077223851417
2.189491840944182;2.081290322580645
1.7207437416134257;2.085503421309873
1.7049717040245833;2.0897165200391004
2.2514612540134755;2.0939296187683283
2.3684455421373007;2.0981427174975558
1.8837853750086782;2.1023558162267837
2.4971242123220083;2.1065689149560116
2.2284372156065615;2.110782013685239
2.317146934785786;2.114995112414467
2.5062665035099734;2.119208211143695
2.4033403574461567;2.1234213098729224
2.5534248103273836;2.1276344086021504
2.4675780591782543;2.131847507331378
2.121194501804457;2.1360606060606058
2.5123445920118797;2.1402737047898337
2.2121891319866305;2.144486803519061
1.9415823270228323;2.148699902248289
2.567612349055198;2.152913000977517
1.9794549748210852;2.1571260997067445
2.5953791981735423;2.1613391984359724
1.7857488384974647;2.1655522971652
2.0777728298439166;2.169765395894428
1.811254853674153;2.1739784946236558
1.8660632320499668;2.1781915933528833
2.036542857160459;2.182404692082111
2.6243405145455765;2.186617790811339
2.2282471949522815;2.1908308895405666
2.4881551994914055;2.1950439882697945
2.072109684338132;2.1992570869990224
2.160969301420245;2.20347018572825
2.3435158096224815;2.207683284457478
2.4185445266689216;2.2118963831867053
1.819262344734628;2.2161094819159333
1.8319471789952857;2.220322580645161
2.1254896326784474;2.2245356793743887
1.8370160654866008;2.2287487781036166
2.398861573159354;2.2329618768328445
2.358476250211182;2.237174975562072
1.8609443780720158;2.2413880742913
2.436885846876061;2.2456011730205274
1.9279781730459553;2.2498142717497553
2.336633848223534;2.2540273704789833
2.1035993154325308;2.2582404692082108
2.3955818896520644;2.2624535679374387
2.2346899105716806;2.2666666666666666
2.0946416360920668;2.270879765395894
2.32878275085419;2.275092864125122
2.35500335606803;2.2793059628543495
2.688777344687422;2.2835190615835774
2.1171966866737275;2.2877321603128054
2.2858861407573197;2.291945259042033
2.649750038060925;2.2961583577712608
2.197047382821207;2.3003714565004887
2.2367196735656942;2.304584555229716
2.515218715206716;2.308797653958944
2.2789320183143036;2.3130107526881716
1.9038214555498874;2.3172238514173995
2.168599404230195;2.3214369501466274
2.422876558043115;2.325650048875855
2.6866087486082795;2.329863147605083
2.4824766048271516;2.3340762463343108
1.916123472630684;2.3382893450635382
2.4369360913710105;2.342502443792766
2.228653321565095;2.3467155425219937
2.649028003623646;2.3509286412512216
2.6499612089364777;2.3551417399804495
2.404117713650476;2.359354838709677
2.07042315502169;2.363567937438905
2.5719836693558595;2.367781036168133
2.076173719251957;2.3719941348973603
2.2204012755010694;2.3762072336265883
2.7575720095648433;2.3804203323558157
2.6365913840294266;2.3846334310850437
2.3268145063856163;2.3888465298142716
2.0483166825585983;2.393059628543499
2.7332575299228017;2.397272727272727
2.110333511463299;2.401485826001955
2.6929811724039197;2.4056989247311824
2.7007137246310595;2.4099120234604103
2.2625002313135383;2.414125122189638
2.091775713203113;2.4183382209188657
2.176120868578658;2.4225513196480937
2.0446238913468653;2.426764418377321
2.6930755094701344;2.430977517106549
2.061107022342951;2.435190615835777
2.8040534298954545;2.4394037145650045
2.7168891734968446;2.4436168132942324
2.3672880446478395;2.4478299120234603
2.1664549939684727;2.452043010752688
2.4344864499903998;2.4562561094819158
2.416214498463165;2.4604692082111432
2.725643133002504;2.464682306940371
2.7094963858965357;2.468895405669599
2.2298788072734546;2.4731085043988266
2.0454337076600297;2.4773216031280545
2.4373635651684524;2.4815347018572824
2.697363136021863;2.48574780058651
2.1288124974995597;2.489960899315738
2.1144054572928797;2.4941739980449653
2.6068707204079544;2.4983870967741932
2.884562038530004;2.502600195503421
2.153116134645271;2.5068132942326486
2.4888430147032996;2.5110263929618766
2.6360783849574494;2.5152394916911045
2.0796331065480684;2.519452590420332
2.398257406008443;2.52366568914956
2.1027304150202437;2.5278787878787874
2.2594979602012217;2.5320918866080153
2.3893966528376027;2.5363049853372432
2.2243768107998174;2.5405180840664707
2.1907746344313273;2.5447311827956987
2.9525213315817322;2.5489442815249266
2.118588986830578;2.553157380254154
2.3278869259442905;2.557370478983382
2.2189722426294862;2.5615835777126095
2.19244166936058;2.5657966764418374
2.254599590148738;2.5700097751710653
2.2755370442220264;2.574222873900293
2.8925979795918826;2.5784359726295207
2.2976259085768986;2.5826490713587487
2.762194162971388;2.586862170087976
2.5825012048559532;2.591075268817204
2.785786214589924;2.5952883675464316
2.862603006758699;2.5995014662756595
2.768110170546865;2.6037145650048874
2.3047031911599816;2.607927663734115
2.2262096167857326;2.612140762463343
2.284693597910353;2.6163538611925707
2.5830746066420844;2.6205669599217982
2.907100138463988;2.624780058651026
2.3051949951899413;2.6289931573802536
2.569794789013171;2.6332062561094816
2.3641427517703093;2.6374193548387095
2.617207827402944;2.641632453567937
2.754138867844958;2.645845552297165
2.557387117442572;2.650058651026393
2.61624117754621;2.6542717497556203
2.385846755320482;2.6584848484848482
2.2315369882272647;2.6626979472140757
2.7026687097611504;2.6669110459433036
2.3221495233177882;2.6711241446725316
2.3968613239677197;2.675337243401759
2.9461033529770178;2.679550342130987
2.3656488091175274;2.683763440860215
2.6310303957607166;2.6879765395894424
2.4682646327212874;2.6921896383186703
2.990445822116677;2.696402737047898
3.0220786624357916;2.7006158357771257
3.044207328469019;2.7048289345063536
2.636664690163456;2.709042033235581
3.146749915300929;2.713255131964809
2.7312450988535284;2.717468230694037
3.125634615260813;2.7216813294232645
3.14256580057094;2.7258944281524924
2.5034343036212032;2.7301075268817203
2.6396240292367077;2.734320625610948
3.1569063929597414;2.7385337243401757
3.0605960899470546;2.742746823069403
2.9290209245606675;2.746959921798631
2.5853500967601595;2.751173020527859
2.4243369783406856;2.7553861192570865
2.518885230716368;2.7595992179863145
2.659524167875151;2.7638123167155424
3.0230803141488702;2.76802541544477
2.8537189544209856;2.772238514173998
3.1751057013267108;2.7764516129032253
2.9030127919752964;2.780664711632453
2.9353784203888873;2.784877810361681
2.356314432634809;2.7890909090909086
2.4259568831093214;2.7933040078201365
3.0405044047511818;2.7975171065493645
2.903390978331664;2.801730205278592
2.8910228103438835;2.80594330400782
2.5865511514309802;2.8101564027370474
2.8838535796469458;2.8143695014662753
2.8872593392117056;2.818582600195503
3.1009281635424393;2.8227956989247307
3.0629136957753045;2.8270087976539586
2.7294946177191326;2.8312218963831866
2.39868913839691;2.835434995112414
3.1412076826867623;2.839648093841642
2.5515812055025466;2.84386119257087
2.767571147553076;2.8480742913000974
2.8577305500790255;2.8522873900293253
2.7056116854659296;2.8565004887585532
2.8274883129506794;2.8607135874877807
2.459481928378493;2.8649266862170086
3.1575190896414123;2.869139784946236
3.2275473147579117;2.873352883675464
3.0972596531353154;2.877565982404692
3.27643315892318;2.8817790811339195
2.7736497984984068;2.8859921798631474
3.2049285655055;2.8902052785923753
2.9832562574760555;2.894418377321603
2.8633484446622273;2.8986314760508307
3.074767329166841;2.902844574780058
2.8068383111573163;2.907057673509286
3.334379577938553;2.911270772238514
2.8360778187454803;2.9154838709677415
3.2143946013782707;2.9196969696969695
2.8890611398136503;2.9239100684261974
2.6657652291389136;2.928123167155425
2.7400097125752296;2.932336265884653
2.9706460069188245;2.9365493646138803
2.6198286588957473;2.940762463343108
3.1700574763767073;2.944975562072336
2.9811630388016934;2.9491886608015636
3.2152818336125404;2.9534017595307915
3.2675517421880014;2.9576148582600195
2.535797102457641;2.961827956989247
2.8710564859221206;2.966041055718475
2.711932137065185;2.9702541544477024
2.6867106919862627;2.9744672531769303
3.1903096081852826;2.978680351906158
2.8730034860785967;2.9828934506353857
2.7585233496818398;2.9871065493646136
2.760363196862752;2.9913196480938415
3.2190777837183604;2.995532746823069
2.970542689733966;2.999745845552297
3.3952430069227;3.003958944281525
3.0823751414477987;3.0081720430107524
3.3697906286521246;3.0123851417399803
3.3787425644846723;3.0165982404692078
2.6235345662245617;3.0208113391984357
2.7114654780190093;3.0250244379276636
2.9684254875066816;3.029237536656891
2.85250387155446;3.033450635386119
2.9554783304341545;3.037663734115347
3.2779635332536046;3.0418768328445744
3.341966912578817;3.0460899315738024
3.4562286136869886;3.05030303030303
2.8840499177355303;3.0545161290322578
3.3154684190596755;3.0587292277614857
2.932747682405884;3.062942326490713
2.765825855373284;3.067155425219941
3.2283703214750092;3.071368523949169
2.6883430501327146;3.0755816226783965
3.22159151308761;3.0797947214076244
3.19908367704098;3.084007820136852
2.7722394655995704;3.08822091886608
3.4751167335575603;3.092434017595308
2.888765621946407;3.0966471163245353
2.933153829656115;3.100860215053763
3.2306898967121374;3.105073313782991
3.3686964576966822;3.1092864125122186
3.0104261037471303;3.1134995112414465
3.0412427582403807;3.117712609970674
3.3169879111425042;3.121925708699902
3.3346900797234893;3.12613880742913
3.1953818776634857;3.1303519061583573
2.963215950192177;3.1345650048875853
2.9111192771081575;3.138778103616813
2.8934017561902516;3.1429912023460407
2.9139661879897476;3.1472043010752686
3.09018121240313;3.151417399804496
3.599459764380551;3.155630498533724
3.5826944208700655;3.159843597262952
3.454790557494243;3.1640566959921794
3.376943787696339;3.1682697947214074
2.890719183885249;3.1724828934506353
2.8358947952147258;3.1766959921798628
3.169098528133626;3.1809090909090907
3.610364068841818;3.185122189638318
2.938941415168512;3.189335288367546
3.101072036066461;3.193548387096774
3.5527329712192626;3.1977614858260015
3.480154367708383;3.2019745845552294
3.382167574821591;3.2061876832844574
3.1841023154990835;3.210400782013685
3.1398569209184113;3.2146138807429128
2.7807644602130663;3.2188269794721402
3.0055917375264563;3.223040078201368
3.575707021327744;3.227253176930596
3.0166300208766135;3.2314662756598236
3.374154518891356;3.2356793743890515
3.5910672640398524;3.2398924731182794
3.5667771987907115;3.244105571847507
3.107669253909802;3.248318670576735
3.4942914756615364;3.2525317693059623
3.2879534645966384;3.2567448680351903
3.435302726124808;3.260957966764418
3.4654582937511518;3.2651710654936457
3.376403933611834;3.2693841642228736
3.6233511877728333;3.2735972629521015
3.258087566200102;3.277810361681329
3.361313955611314;3.282023460410557
2.9461583099091495;3.286236559139785
3.348624507759406;3.2904496578690123
2.8463415286565;3.2946627565982403
3.1490084711911988;3.2988758553274677
2.9112484045587617;3.3030889540566957
3.2931657746041205;3.3073020527859236
3.224746119229724;3.311515151515151
2.9391318449754653;3.315728250244379
2.9283531062403547;3.319941348973607
3.6536126021790145;3.3241544477028344
3.0107084314684123;3.3283675464320623
3.166337564005032;3.33258064516129
2.9270428709603977;3.3367937438905177
3.4282342685520195;3.3410068426197457
3.2783338352989824;3.345219941348973
3.7331333148759556;3.349433040078201
3.032812423593048;3.353646138807429
3.0544616851985262;3.3578592375366565
3.7055959589350804;3.3620723362658844
3.7160690498632882;3.366285434995112
3.2261791466607583;3.37049853372434
3.2446256052116085;3.3747116324535678
3.3580548694300814;3.3789247311827952
3.6524226854765147;3.383137829912023
3.036291014962771;3.387350928641251
3.6418798585353023;3.3915640273704786
3.628362148565581;3.3957771260997065
3.721165495995043;3.399990224828934
2.9650092165429727;3.404203323558162
3.7307071019441027;3.40841642228739
3.4862697938403926;3.4126295210166173
3.394158948325857;3.4168426197458452
3.0870329333718587;3.421055718475073
3.098035817166011;3.4252688172043007
3.6164638375890754;3.4294819159335286
3.5433408999855542;3.433695014662756
3.4024363197147123;3.437908113391984
3.4538384823428996;3.442121212121212
3.1077282629651295;3.4463343108504394
3.6466725086015233;3.4505474095796673
3.8416126112498903;3.4547605083088953
3.607899646395056;3.4589736070381227
3.73410355464975;3.4631867057673507
3.8120759794870924;3.467399804496578
3.427075678664819;3.471612903225806
3.9208698360846053;3.475826001955034
3.220569806437544;3.4800391006842615
3.8297986238311275;3.4842521994134894
3.740336824757615;3.4884652981427173
3.0954396659118864;3.492678396871945
3.3418997768004304;3.4968914956011727
3.912459445594812;3.5011045943304
3.6563427041517973;3.505317693059628
3.955123274625245;3.509530791788856
3.086423808879277;3.5137438905180836
3.9478512237121492;3.5179569892473115
3.9680711236194806;3.5221700879765394
3.621420159035496;3.526383186705767
3.4453139987005503;3.530596285434995
3.3135150720290065;3.5348093841642227
3.5861005624135798;3.5390224828934502
3.3627582673385312;3.543235581622678
3.6340503031620734;3.5474486803519056
3.261826025572534;3.5516617790811336
3.3454656800404416;3.5558748778103615
3.170383668459669;3.560087976539589
3.8507813975887126;3.564301075268817
3.6753785479783696;3.568514173998045
3.6383858591826517;3.5727272727272723
3.762925211872761;3.5769403714565002
3.8460792331280578;3.5811534701857277
3.7825538243865386;3.5853665689149556
3.1881460073081023;3.5895796676441836
3.8487780287566586;3.593792766373411
3.9399712657714034;3.598005865102639
3.918121339404986;3.602218963831867
3.7346908957656146;3.6064320625610944
3.19870304062067;3.6106451612903223
3.8272512152907483;3.61485826001955
3.3927840649587004;3.6190713587487777
4.017514830726198;3.6232844574780056
3.904026082702485;3.627497556207233
3.445906764642705;3.631710654936461
3.3073119763854075;3.635923753665689
3.527679905439679;3.6401368523949165
3.34482355258946;3.6443499511241444
3.5397059111232005;3.648563049853372
3.5040244451744815;3.6527761485826
3.257430417276378;3.6569892473118277
3.881440085009674;3.661202346041055
3.725560648918215;3.665415444770283
3.6614496869053665;3.669628543499511
3.4699456036992102;3.6738416422287385
3.773045876799249;3.6780547409579665
3.672022862848272;3.682267839687194
3.3252012108262137;3.686480938416422
3.4656024267579797;3.69069403714565
3.462074021043083;3.6949071358748773
3.3301812907900517;3.699120234604105
3.2655119947734024;3.703333333333333
3.571507841829064;3.7075464320625606
3.5266542975556927;3.7117595307917886
3.875917901136374;3.715972629521016
3.6076382479224214;3.720185728250244
4.017287876825008;3.724398826979472
3.535985076273065;3.7286119257086994
3.777116770912201;3.7328250244379273
3.4738516349888697;3.7370381231671552
3.5184701509999337;3.7412512218963827
3.984625294340325;3.7454643206256106
4.028709815394571;3.749677419354838
3.913678825167237;3.753890518084066
4.083465266778499;3.758103616813294
3.784431087294279;3.7623167155425215
3.842184279652235;3.7665298142717494
3.8414763280707365;3.7707429130009773
4.169179325328446;3.774956011730205
3.6899757758153036;3.7791691104594327
3.581904499207393;3.78338220918866
3.9926376768404506;3.787595307917888
3.5596315942589825;3.791808406647116
3.3956910957488122;3.7960215053763435
3.530568840822785;3.8002346041055715
3.993022554663234;3.8044477028347994
3.4006408803978916;3.808660801564027
3.626304800237017;3.812873900293255
4.238711090090162;3.8170869990224827
3.820576055053026;3.82130009775171
3.594824259716149;3.825513196480938
4.02881607835162;3.8297262952101656
3.4633537442701705;3.8339393939393935
4.2226968316336375;3.8381524926686215
3.987754890517522;3.842365591397849
3.518059328282579;3.846578690127077
3.623239118040117;3.850791788856305
3.5064966356265166;3.8550048875855323
4.186005272458986;3.85921798631476
3.920509353670067;3.8634310850439877
3.5985188228949747;3.8676441837732156
3.755708890958938;3.8718572825024435
3.6970826766650466;3.876070381231671
4.110719831138524;3.880283479960899
3.74634276949981;3.884496578690127
3.56187869622146;3.8887096774193544
4.0241897477435575;3.8929227761485823
3.846573301925973;3.8971358748778098
4.061745146340151;3.9013489736070377
3.7440368423069024;3.9055620723362656
3.9839917574937376;3.909775171065493
4.123232391263345;3.913988269794721
4.079079380382022;3.918201368523949
4.2201644905614195;3.9224144672531764
4.300493682948475;3.9266275659824044
3.6361111893657694;3.930840664711632
3.6013126058478;3.9350537634408598
4.040390544109548;3.9392668621700877
3.8009755302449317;3.943479960899315
3.550866582319794;3.947693059628543
3.722497870183532;3.951906158357771
3.8699569273938255;3.9561192570869985
4.086791384487138;3.9603323558162264
4.2412022485943215;3.964545454545454
3.9523804877842754;3.968758553274682
4.08900671201608;3.97297165200391
4.2067481244166185;3.9771847507331373
4.004299711281926;3.981397849462365
4.311230125932316;3.985610948191593
3.7163337699666448;3.9898240469208206
4.158454728151037;3.9940371456500485
4.132238056662925;3.998250244379276
4.195079242672007;4.002463343108504
4.277686891540687;4.006676441837731
3.782541923692473;4.010889540566959
3.8279018501982462;4.015102639296187
4.025067273813705;4.019315738025415
3.83645117251655;4.023528836754642
3.97440477456947;4.027741935483871
3.8004128259900667;4.031955034213098
4.077056692691636;4.036168132942326
3.767346220058145;4.040381231671554
3.832497896176709;4.044594330400781
4.053307850431183;4.048807429130009
3.8057608629806636;4.053020527859237
4.298884928663381;4.057233626588465
3.8915199574391797;4.061446725317692
3.721978862014589;4.065659824046921
4.282987380569334;4.069872922776148
4.358564541553694;4.074086021505376
3.972126660490154;4.078299120234603
4.271434497669915;4.082512218963831
4.5196022295733815;4.086725317693059
4.530911265128441;4.090938416422286
4.1627367487343205;4.095151515151515
3.832016344092446;4.099364613880742
4.139301905876359;4.10357771260997
3.9412655287615808;4.107790811339198
4.281784368542058;4.112003910068426
4.464747752017395;4.116217008797653
3.9581055665365716;4.120430107526881
3.8828845700586374;4.124643206256109
3.895212390458943;4.128856304985336
3.7962862518781355;4.133069403714565
4.474038114235057;4.137282502443792
4.389442304317093;4.14149560117302
3.880817225286998;4.145708699902247
3.880413078071207;4.149921798631476
4.4868838860103795;4.154134897360703
4.457363194772147;4.1583479960899306
4.456384308540468;4.162561094819159
4.044664632548641;4.166774193548386
3.900888837521528;4.170987292277614
3.973099716341157;4.175200391006842
3.8502864844959763;4.17941348973607
3.986490930850492;4.183626588465297
4.465700830820998;4.187839687194526
3.923063114621697;4.192052785923753
3.940467699311524;4.196265884652981
4.517857236064634;4.200478983382209
4.438314347833942;4.204692082111436
4.212839538592422;4.208905180840664
4.223481273917579;4.213118279569891
3.9144865563201976;4.21733137829912
4.2366663107165525;4.221544477028347
3.837332836554124;4.225757575757575
3.829493113927472;4.229970674486803
4.174012079118225;4.234183773216031
4.022284446134219;4.238396871945258
4.09629267792139;4.242609970674486
4.479557267090559;4.246823069403714
4.500754198529371;4.251036168132941
4.290883924436752;4.25524926686217
3.8861806036022832;4.259462365591397
3.898681929453478;4.263675464320625
4.63298384833366;4.267888563049853
4.617494883890482;4.272101661779081
4.134577730218327;4.276314760508308
4.456913296577194;4.2805278592375355
3.9518176751208185;4.284740957966764
4.244957238970719;4.288954056695991
4.378820715241075;4.293167155425219
4.535987524345522;4.297380254154447
4.325986001220437;4.301593352883675
4.102052474852427;4.305806451612902
4.360811516527507;4.310019550342131
4.552506664037517;4.314232649071358
4.706111930577035;4.3184457478005855
4.645447966459659;4.322658846529814
4.683580358356969;4.326871945259041
4.103886653763105;4.331085043988269
4.379349723831748;4.335298142717497
4.585474318511949;4.339511241446725
4.179361471076064;4.343724340175952
4.394776577831489;4.347937438905181
4.627447100118085;4.352150537634408
4.39556523299295;4.3563636363636355
4.5629264921585655;4.360576735092863
4.140192680144183;4.364789833822091
4.513517126213483;4.369002932551319
4.608749694052503;4.373216031280546
4.370374091326603;4.377429130009775
4.430235503668005;4.381642228739002
4.423186235653473;4.38585532746823
4.275029806612224;4.390068426197458
4.648572116426191;4.394281524926686
4.7920804587138;4.398494623655913
4.385890990964112;4.402707722385141
4.7214692121103985;4.406920821114369
4.605660352203448;4.411133919843596
4.710558211468131;4.415347018572825
4.866668359733865;4.419560117302052
4.203379918316642;4.42377321603128
4.535982711515604;4.427986314760507
4.483757409518255;4.432199413489736
4.103253817680573;4.436412512218963
4.2338926599206586;4.4406256109481905
4.844894460543428;4.444838709677419
4.614361406785882;4.449051808406646
4.464280872004077;4.453264907135874
4.660371056558888;4.457478005865102
4.2395729895823235;4.46169110459433
4.736569897394088;4.465904203323557
4.062566604855114;4.470117302052786
4.878824088380499;4.474330400782013
4.325376486656675;4.4785434995112405
4.327855846229572;4.482756598240469
4.3113854111933;4.486969696969696
4.878078638114962;4.491182795698924
4.712465348773865;4.495395894428151
4.05431276757882;4.49960899315738
4.422887225628269;4.503822091886607
4.158480352386678;4.508035190615835
4.3748237740082825;4.512248289345063
4.698207080014911;4.5164613880742905
4.931072046992716;4.520674486803518
4.948739867346862;4.524887585532746
4.560940555503888;4.529100684261974
4.407511742588733;4.533313782991201
4.896204587107595;4.53752688172043
4.609190077471676;4.541739980449657
4.983839414079486;4.545953079178885
4.341365256024753;4.550166177908113
4.221165210948079;4.5543792766373405
4.618791868702501;4.558592375366568
4.958338952353926;4.5628054740957955
4.595593534026104;4.567018572825024
4.99856697910254;4.571231671554251
4.903692394547144;4.575444770283479
4.690424898190777;4.579657869012707
4.7402661161713935;4.583870967741935
4.939379205006471;4.588084066471162
4.710944419408635;4.5922971652003906
4.805786043956698;4.596510263929618
4.192165042192406;4.6007233626588455
4.868148761413547;4.604936461388074
4.772197785576938;4.609149560117301
4.596760796071553;4.613362658846529
4.84665437207527;4.617575757575757
4.711841568956445;4.621788856304985
4.974185556018359;4.626001955034212
4.40744419774735;4.630215053763441
4.354131472633362;4.634428152492668
4.277502808186176;4.6386412512218955
4.514925909835129;4.642854349951123
4.379684410149445;4.647067448680351
4.654117747743982;4.651280547409579
4.679139177458196;4.655493646138806
4.85817637300933;4.659706744868035
4.7151327977680095;4.663919843597262
4.671490018245752;4.66813294232649
4.919814751911928;4.672346041055718
4.951556378066085;4.6765591397849455
4.814581072418031;4.680772238514173
4.367792580382249;4.684985337243401
4.912089318132607;4.689198435972629
5.07537901051282;4.693411534701856
4.349637890487541;4.697624633431085
4.801326524281707;4.701837732160312
4.5819645312291595;4.70605083088954
4.726106856906353;4.710263929618767
4.516115626876318;4.7144770283479955
4.670205599818863;4.718690127077223
4.583441665000002;4.7229032258064505
4.52652688389468;4.727116324535679
5.125885236018153;4.731329423264906
5.172551997717977;4.735542521994134
4.8067400872999775;4.739755620723362
4.922645600011327;4.74396871945259
5.043690691928759;4.748181818181817
4.684208506270509;4.7523949169110455
4.992346037463583;4.756608015640273
4.41382121705981;4.7608211143695005
4.710070144966891;4.765034213098729
4.740217062688638;4.769247311827956
4.897481821141981;4.773460410557184
4.471245647698171;4.777673509286411
5.073618418782238;4.78188660801564
5.185713045731276;4.786099706744867
4.728053699530676;4.790312805474095
4.677436310577597;4.794525904203323
5.019635835246906;4.7987390029325505
4.667632678205209;4.802952101661778
4.439181156833519;4.807165200391006
5.031612846512832;4.811378299120234
4.445598635141791;4.815591397849461
5.180539943090865;4.81980449657869
5.178026245640623;4.824017595307917
4.683119894227662;4.828230694037145
4.7822893028885565;4.832443792766373
5.070310688219438;4.8366568914956005
5.006483553918956;4.840869990224828
4.804731182382352;4.845083088954056
4.5338962113723085;4.849296187683284
4.623679406785083;4.853509286412511
4.947497043528521;4.85772238514174
4.487900909654168;4.861935483870967
4.738897095446301;4.866148582600195
5.099070447766732;4.870361681329423
4.614048745981906;4.8745747800586505
5.224626309339566;4.878787878787878
5.028810992172154;4.883000977517106
4.951584809223837;4.887214076246334
4.636562875569627;4.891427174975561
5.027424684460401;4.89564027370479
4.4995636180087795;4.899853372434017
4.596857035945893;4.904066471163245
4.587717563809902;4.908279569892472
4.867019450268659;4.9124926686217005
5.148302341472724;4.916705767350928
4.5167837538909605;4.9209188660801555
4.6019963064016345;4.925131964809384
5.001747459107715;4.929345063538611
4.913930330372569;4.933558162267839
4.976147201305393;4.937771260997067
4.931296950603377;4.941984359726295
4.643941669411163;4.946197458455522
4.7664182164723226;4.9504105571847505
5.311476184118724;4.954623655913978
4.648828498619882;4.9588367546432055
5.168185496769336;4.963049853372434
4.606989220653988;4.967262952101661
4.900759424285749;4.971476050830889
5.4239166552746365;4.975689149560116
5.067059309187078;4.979902248289345
5.304590725612632;4.984115347018572
4.615685563883318;4.9883284457478
5.0731105319352645;4.992541544477028
5.41571839937534;4.9967546432062555
5.357544121480877;5.000967741935483
5.309134539158478;5.005180840664711
5.05648936846082;5.009393939393939
4.981729628224406;5.013607038123166
5.416374248833934;5.017820136852395
5.007065076740292;5.022033235581622
5.450533336224339;5.02624633431085
4.704439574453509;5.030459433040078
5.098037045593238;5.0346725317693055
5.035899720654857;5.038885630498533
5.037314328163229;5.0430987292277605
5.177400650505524;5.047311827956989
5.454461135630955;5.051524926686216
4.998647158435691;5.055738025415444
4.9769960288593476;5.059951124144672
5.2632774585005135;5.0641642228739
4.735874608777479;5.068377321603127
4.91595709834315;5.0725904203323555
5.424023980872329;5.076803519061583
5.04832908588646;5.0810166177908105
4.650621121245029;5.085229716520039
5.061102903088597;5.089442815249266
4.866488722023774;5.093655913978494
5.067906956707587;5.097869012707722
4.932848205446724;5.10208211143695
5.225574821567556;5.106295210166177
5.34223903825451;5.110508308895405
5.372212293615541;5.114721407624633
5.39624676795439;5.1189345063538605
5.13657553275237;5.123147605083088
4.719197085993252;5.127360703812316
4.778999793575142;5.131573802541544
4.919524762737278;5.135786901270771
5.210281241535935;5.14
