k	A
0.0683977725	3.6379661489340594e-06
0.06863551325103205	3.883996151463316e-06
0.06887408035448228	4.144701951673457e-06
0.06911347668263194	4.420803543528268e-06
0.06935370511774608	4.713086216116985e-06
0.06959476855210789	5.022355672919563e-06
0.06983666988805391	5.349430521420224e-06
0.07007941203800862	5.695184257967915e-06
0.0703229979245198	6.060528989265585e-06
0.07056743048029347	6.446359920726748e-06
0.07081271264822941	6.853677588956715e-06
0.07105884738145639	7.283472506768366e-06
0.0713058376433679	7.73676730569979e-06
0.07155368640765779	8.214655318831676e-06
0.07180239665835592	8.718245479351612e-06
0.07205197138986433	9.248660507250445e-06
0.07230241360699305	9.807127641563949e-06
0.07255372632499653	1.0394839577373311e-05
0.07280591256960967	1.1013059026185764e-05
0.0730589753770845	1.1663132949232911e-05
0.07331291779422652	1.2346361956458473e-05
0.07356774287843161	1.3064165405335052e-05
0.07382345369772256	1.381798309605314e-05
0.07408005333078632	1.460925955008625e-05
0.07433754486701076	1.543953235314697e-05
0.07459593140652215	1.6310393066217996e-05
0.0748552160602223	1.722337636343172e-05
0.075115401949826	1.818020805836423e-05
0.07537649220789877	1.918256556120802e-05
0.07563848997789438	2.023216800538144e-05
0.07590139841419291	2.133084838295219e-05
0.07616522068213845	2.248044325808392e-05
0.07642995995807753	2.368279007162038e-05
0.07669561942939705	2.4939902719456457e-05
0.07696220229456295	2.6253698072691124e-05
0.07722971176315843	2.7626202262157993e-05
0.07749815105592286	2.9059570358889334e-05
0.0777675234047904	3.0555840397360116e-05
0.07803783205292887	3.211724481341456e-05
0.07830908025477899	3.3746021965265644e-05
0.07858127127609332	3.544438780959732e-05
0.07885440839397584	3.7214700753399196e-05
0.07912849489692111	3.9059381398848064e-05
0.0794035340848542	4.0980717669797915e-05
0.07967952926917007	4.298131078547566e-05
0.07995648377277376	4.5063636393881845e-05
0.08023440093012009	4.723021531095772e-05
0.0805132840872541	4.948373345151658e-05
0.08079313660185117	5.182684713227031e-05
0.08107396184325737	5.426218044917343e-05
0.08135576319253028	5.679262817729516e-05
0.08163854404247942	5.942087867802188e-05
0.08192230779770734	6.214977631057996e-05
0.08220705787465035	6.498234339267779e-05
0.08249279770161996	6.79213682834154e-05
0.08277953071884385	7.096992984432418e-05
0.08306726037850758	7.4131076457248e-05
0.0833559901447958	7.740778117220491e-05
0.08364572349393438	8.080321730355645e-05
0.083936463914232	8.432061405906384e-05
0.08422821490612203	8.796295107270557e-05
0.08452097998220508	9.173367696477995e-05
0.08481476266729082	9.563599082576608e-05
0.08510956649844087	9.967313157856103e-05
0.08540539502501096	0.00010384855696137565
0.08570225180869405	0.00010816563628398568
0.08600014042356285	0.00011262765000833737
0.08629906445611323	0.0001172382603115768
0.08659902750530696	0.0001220007639100151
0.08690003318261552	0.00012691866483402145
0.08720208511206315	0.00013199569173235224
0.08750518693027079	0.00013723517742356936
0.08780934228649977	0.00014264085531799287
0.08811455484269555	0.0001482163679862503
0.0884208282735322	0.00015396520374278677
0.08872816626645624	0.00015989111317926683
0.0890365725217314	0.0001659978776792036
0.08934605075248278	0.00017228887777708308
0.089656604684742	0.0001787681405985891
0.08996823805749159	0.00018543927736245676
0.09028095462271045	0.00019230592609467548
0.09059475814541863	0.00019937199331974539
0.09090965240372305	0.00020664121588852096
0.09122564118886256	0.0002141171658412328
0.09154272830525396	0.00022180391443431827
0.09186091757053767	0.00022970497123488213
0.09218021281562351	0.00023782410566261346
0.09250061788473718	0.0002461653495723391
0.09282213663546617	0.00025473214863680054
0.09314477293880659	0.00026352846230409357
0.09346853067920934	0.00027255808071623605
0.09379341375462732	0.00028182454370398886
0.09411942607656201	0.00029133171438912986
0.0944465715701108	0.00030108344415242816
0.09477485417401402	0.00031108301797583916
0.09510427784070262	0.00032133454690633624
0.09543484653634564	0.0003318415365841507
0.09576656424089777	0.0003426075035713727
0.09609943494814768	0.0003536362725804496
0.09643346266576565	0.0003649314067798695
0.09676865141535225	0.00037649622119060303
0.09710500523248634	0.00038833463991913775
0.09744252816677408	0.0004004498195650524
0.09778122428189728	0.00041284522642179723
0.09812109765566271	0.00042552461338773556
0.09846215238005078	0.00043849095802887654
0.09880439256126525	0.00045174785387327277
0.09914782231978236	0.0004652986417234805
0.09949244579040047	0.0004791463153949811
0.09983826712229002	0.0004932942459829658
0.1001852904790432	0.0005077457400796268
0.10053352003872448	0.0005225033873027924
0.10088295999392043	0.0005375707591403534
0.1012336145517906	0.0005529506399939243
0.10158548793411798	0.0005686458129345307
0.10193858437735984	0.0005846593941593402
0.10229290813269878	0.000600994153253525
0.10264846346609392	0.0006176525374881129
0.10300525465833218	0.0006346376897083686
0.10336328600507994	0.0006519518063432222
0.10372256181693462	0.0006695974357379756
0.10408308641947671	0.00068757742082152
0.10444486415332181	0.0007058936766608016
0.10480789937417277	0.0007245488103244831
0.10517219645287236	0.00074354510450007
0.10553775977545568	0.000762884417085786
0.10590459374320307	0.0007825690235036412
0.1062727027726931	0.0008026010825207709
0.10664209129585571	0.0008229819305597914
0.10701276376002561	0.000843713991958501
0.10738472462799577	0.0008647987647583262
0.1077579783780712	0.0008862377422287251
0.10813252950412286	0.0009080327580578869
0.10850838251564172	0.0009301852388852748
0.1088855419377931	0.0009526962400724967
0.10926401231147122	0.000975567561047824
0.10964379819335361	0.0009987999384392474
0.11002490415595637	0.0010223944894173949
0.11040733478768883	0.0010463526170762542
0.11079109469290904	0.0010706747120724641
0.11117618849197913	0.0010953618934939628
0.11156262082132093	0.0011204149113770432
0.1119503963334718	0.0011458340487565564
0.11233951969714066	0.0011716200258784564
0.11272999559726415	0.0011977734058824453
0.1131218287350631	0.00122429389203884
0.11351502382809915	0.0012511823107940797
0.11390958561033136	0.0012784384946162356
0.11430551883217352	0.0013060622781652588
0.11470282826055103	0.0013340538248126236
0.11510151867895853	0.0013624128681029555
0.11550159488751732	0.001391138757369772
0.11590306170303327	0.0014202315859239431
0.11630592395905477	0.001449690355753752
0.1167101865059309	0.001479514458177335
0.11711585421086987	0.0015097035463263163
0.11752293195799755	0.001540256263282297
0.11793142464841648	0.0015711719683526547
0.11834133720026448	0.001602449643632553
0.11875267454877433	0.0016340878070509278
0.11916544164633283	0.0016660854071843876
0.11957964346254062	0.0016984412150190783
0.11999528498427192	0.0017311531813576028
0.12041237121573461	0.001764220333336033
0.12083090717853048	0.0017976407242636017
0.12125089791171569	0.0018314124244857373
0.1216723484718614	0.0018655338027695888
0.12209526393311465	0.0019000028179868833
0.12251964938725966	0.0019348170709688774
0.12294550994377866	0.0019699748535500325
0.12337285072991401	0.002005473434882358
0.12380167689072932	0.002041310457368329
0.12423199358917197	0.0020774837880704784
0.12466380600613483	0.002113990376081141
0.12509711934051884	0.0021508278232764064
0.12553193880929558	0.0021879933845519637
0.12596826964757007	0.0022254838989411653
0.1264061171086438	0.002263296600181472
0.12684548646407792	0.0023014285476249284
0.1272863830037569	0.0023398760922375126
0.12772881203595185	0.0023786365328535746
0.12817277888738496	0.0024177063034285765
0.12861828890329302	0.002457081871957637
0.1290653474474924	0.0024967599582381675
0.12951395990244302	0.002536736931480258
0.1299641316693137	0.0025770088635510605
0.13041586816804682	0.002617572414404969
0.13086917483742366	0.00265842337954616
0.13132405713512998	0.0026995578845287957
0.13178052053782172	0.0027409722326916515
0.13223857054119073	0.0027826619785079596
0.13269821266003118	0.0028246232190062906
0.13315945242830596	0.0028668517676129364
0.13362229539921297	0.002909343108014206
0.13408674714525248	0.002952093053814638
0.13455281325829377	0.0029950972701510035
0.13502049934964278	0.0030383508807726133
0.1354898110501095	0.0030818497594799718
0.13596075401007568	0.0031255890992755017
0.1364333338995632	0.003169564139976573
0.1369075564083019	0.0032137703141161948
0.1373834272457985	0.003258202792505158
0.1378609521414049	0.0033028565337334488
0.13834013684438765	0.0033477269412468596
0.1388209871239967	0.00339280878079372
0.1393035087695353	0.0034380970793418154
0.1397877075904292	0.003483586989004159
0.1402735894162971	0.003529273135563382
0.14076116009702058	0.0035751505409775896
0.14125042550281447	0.0036212140299712583
0.14174139152429768	0.003667458208538811
0.14223406407256403	0.0037138779234484696
0.14272844907925344	0.0037604679169931815
0.1432245524966234	0.003807222588488382
0.14372238029762058	0.003854136841948706
0.1442219384759526	0.0039012051350311877
0.14472323304616067	0.003948421976346113
0.14522627004369126	0.003995782000578694
0.14573105552496954	0.004043279685890881
0.14623759556747165	0.0040909093951570575
0.1467458962697984	0.004138665766989016
0.14725596375174826	0.004186543068756265
0.14776780415439136	0.00423453573982244
0.14828142364014324	0.004282638290539098
0.14879682839283914	0.004330844952395629
0.14931402461780835	0.004379150185295365
0.149833018541949	0.004427548349049118
0.1503538164138032	0.00447603370585178
0.15087642450363173	0.004524600652738685
0.1514008491034903	0.004573243537930371
0.15192709652730446	0.004621956571452989
0.15245517311094647	0.0046707342008919794
0.15298508521231088	0.0047195706841892966
0.15351683921139148	0.004768460323146438
0.15405044151035793	0.004817397477173232
0.15458589853363297	0.004866376456972908
0.1551232167279697	0.004915391554689018
0.15566240256252906	0.004964437159657979
0.15620346252895814	0.005013507565706279
0.1567464031414677	0.005062597137111148
0.15729123093691136	0.005111700257575525
0.15783795247486343	0.005160811276603206
0.15838657433769876	0.005209924599265552
0.1589371031306714	0.005259034626750209
0.15948954548199426	0.005308135779865989
0.16004390804291907	0.00535722250191621
0.16060019748781626	0.00540628924653152
0.1611584205142555	0.005455330519307401
0.16171858384308607	0.005504340800107238
0.16228069421851826	0.005553314631014463
0.16284475840820387	0.005602246579799642
0.16341078320331842	0.005651131206864388
0.16397877541864228	0.005699963123735662
0.16454874189264332	0.005748737008593637
0.16512068948755856	0.005797447465959648
0.16569462508947755	0.00584608926248816
0.1662705556084246	0.005894657130881797
0.16684848797844246	0.005943145777846136
0.16742842915767542	0.005991550094876888
0.16801038612845343	0.006039864866448074
0.168594365897376	0.006088084958986996
0.16918037549539636	0.006136205360981021
0.16976842197790667	0.006184220974935996
0.17035851242482222	0.00623212676949418
0.17095065394066744	0.006279917925192799
0.17154485365466066	0.00632758935962918
0.1721411187208007	0.006375136277210797
0.17273945631795248	0.006422553881244988
0.17333987364993358	0.006469837310813017
0.1739423779456011	0.006516981840044868
0.17454697645893852	0.006563982876389117
0.17515367646914315	0.006610835604411414
0.1757624852807137	0.006657535589606246
0.17637341022353845	0.0067040782655627944
0.17698645865298296	0.006750459003190238
0.17760163794997932	0.006796673535700522
0.1782189555211144	0.006842717349415099
0.17883841879871956	0.006888586081738006
0.1794600352409596	0.006934275572749545
0.180083812331923	0.006979781480748784
0.1807097575817118	0.007025099577821274
0.18133787852653202	0.007070225968356982
0.18196818272878448	0.0071151562992362045
0.18260067777715583	0.007159886685698723
0.1832353712867099	0.007204413210399399
0.18387227089897928	0.0072487318464628985
0.18451138428205763	0.007292838765189097
0.18515271913069148	0.007336730316607858
0.18579628316637348	0.007380402509738988
0.18644208413743493	0.007423851901566533
0.18709012981913922	0.0074670748335431665
0.18774042801377544	0.007510067557970321
0.18839298655075232	0.00755282681714834
0.18904781328669243	0.007595348997860709
0.18970491610552684	0.007637630687208764
0.19036430291859016	0.007679668730525596
0.19102598166471538	0.007721459714866404
0.19168996031033006	0.007763000377509041
0.19235624684955152	0.0078042878657893005
0.19302484930428387	0.007845318727493089
0.19369577572431382	0.007886090108589962
0.1943690341874083	0.007926599090656489
0.19504463279941123	0.007966842613897159
0.19572257969434126	0.008006817857340818
0.19640288303448974	0.00804652220318215
0.19708555101051897	0.008085952610673436
0.1977705918415608	0.008125106696862597
0.19845801377531552	0.008163981799578696
0.19914782508815146	0.00820257515160835
0.19984003408520404	0.008240884551870923
0.20053464910047655	0.008278907370720831
0.20123167849693965	0.008316641207670105
0.20193113066663285	0.008354083950886519
0.2026330140307649	0.008391233177076329
0.2033373370398156	0.00842808663697091
0.20404410817363733	0.008464642528241039
0.20475333594155723	0.008500898362980921
0.20546502888247964	0.00853685232724502
0.20617919556498882	0.008572502514589924
0.2068958445874524	0.008607846859238667
0.20761498457812433	0.00864288355325037
0.20833662419524954	0.008677610997683773
0.20906077212716737	0.008712027125970839
0.20978743709241687	0.008746130582727649
0.21051662783984132	0.008779919692687007
0.21124835314869378	0.008813392669613918
0.21198262182874264	0.008846548321307454
0.21271944272037785	0.008879384990063046
0.21345882469471722	0.00891190125726149
0.21420077665371326	0.008944096000450931
0.21494530753026056	0.008975967757269724
0.21569242628830285	0.009007515250458625
0.21644214192294153	0.009038737650867807
0.2171944634605435	0.009069633411851156
0.21794939995885002	0.00910020168517936
0.21870696050708577	0.00913044150883319
0.2194671542260683	0.009160351756554518
0.22022999026831772	0.009189931559845366
0.220995477818167	0.009219180249998276
0.22176362609187256	0.009248096681017726
0.22253444433772518	0.009276680420338568
0.22330794183616132	0.00930493069854443
0.22408412789987492	0.009332846637944186
0.2248630118739295	0.009360427941246212
0.22564460313587062	0.00938767384229922
0.226428911095839	0.009414583807809645
0.2272159451966834	0.009441157588857118
0.2280057149140747	0.009467394592097514
0.22879822975661981	0.0094932944085245
0.22959349926597622	0.009518857049690212
0.23039153301696677	0.009544081826091377
0.23119234061769503	0.009568968725825255
0.23199593170966096	0.009593517610791419
0.23280231596787695	0.009617728185027685
0.23361150310098436	0.009641600394686914
0.23442350285137029	0.00966513436542272
0.23523832499528516	0.009688329766454278
0.23605597934296008	0.009711186939636735
0.23687647573872508	0.009733705895387324
0.23769982406112775	0.00975588654537597
0.238526034223052	0.009777729334940083
0.2393551161718375	0.009799234266172744
0.2401870798893995	0.009820401554999109
0.24102193539234887	0.009841231674870091
0.2418596927321128	0.009861724771727993
0.2427003619950558	0.009881881164785
0.24354395330260106	0.009901701544696618
0.2443904768113524	0.00992118595937474
0.24523994271321659	0.009940335073746495
0.24609236123552594	0.009959149425615873
0.24694774264116146	0.009977629409865883
0.24780609722867647	0.009995775636113313
0.24866743533242058	0.010013588865950086
0.24953176732266408	0.010031069450057196
0.2503991036057228	0.010048218337319817
0.25126945462408357	0.010065036170265806
0.25214283085652955	0.01008152350702107
0.25301924281826677	0.01009768136848866
0.2538987010610506	0.010113510381130557
0.25478121617331273	0.010129011356875998
0.2556667987802888	0.010144185327582824
0.25655545954414616	0.010159033032372103
0.25744720916411223	0.010173555364123588
0.25834205837660357	0.010187753524386415
0.2592400179553548	0.010201628160395442
0.2601410987115486	0.01021518044854367
0.2610453114939457	0.010228411446099388
0.2619526671890156	0.010241322089035013
0.26286317672106757	0.010253913492653068
0.2637768510523821	0.01026618689285146
0.264693701183343	0.0102781431784674
0.2656137381525701	0.010289783738016466
0.2665369730370516	0.010301109694834647
0.26746341695227766	0.01031212210503613
0.26839308105237447	0.01032282240095298
0.26932597653023815	0.01033321168630239
0.2702621146176699	0.010343291215794732
0.271201506585511	0.010353062419690855
0.2721441637437783	0.010362526484048947
0.273090097441801	0.010371684722690818
0.27403931906835666	0.010380538688159581
0.2749918400518087	0.010389089487673989
0.2759476718602437	0.010397338651457063
0.27690682600161	0.010405287606439686
0.27786931402385556	0.010412937684205918
0.27883514751506755	0.010420290355557896
0.2798043381036115	0.010427347179394541
0.2807768974582715	0.010434109443556447
0.2817528372883907	0.010440578821870446
0.2827321693440122	0.010446756776106524
0.28371490541602057	0.010452644719367639
0.2847010573362837	0.010458244346007443
0.28569063697779545	0.01046355709870063
0.2866836562548184	0.010468584533355533
0.2876801271230273	0.01047332833367373
0.28868006157965354	0.010477789997280615
0.28968347166362857	0.010481971119007553
0.2906903694557297	0.010485873460568326
0.29170076707872533	0.010489498459185868
0.29271467669752066	0.010492847858638476
0.2937321105193045	0.010495923321623864
0.294753080793696	0.010498726443618496
0.29577759981289226	0.010501258917267515
0.2968056799118162	0.010503522491762713
0.2978373334682653	0.010505518727815346
0.29887257290306013	0.0105072494509865
0.2999114106801948	0.01050871633589772
0.30095385930698587	0.010509921027041947
0.3019999313342239	0.010510865352875409
0.30304963935632406	0.010511550972912086
0.30410299601147783	0.010511979621146625
0.3051600139818053	0.010512153110976466
0.3062207059935077	0.010512073133572978
0.3072850848170208	0.010511741443908275
0.30835316326716844	0.010511159894163576
0.309424954203317	0.01051033013723605
0.31050047052953006	0.010509254012581149
0.311579725194724	0.010507933305519914
0.3126627311928237	0.010506369762658205
0.313749501562919	0.010504565185964227
0.31484004938942173	0.010502521404785739
0.31593438780222327	0.01050024014442348
0.31703252997685266	0.01049772327277747
0.3181344891346351	0.010494972572308586
0.31924027854285114	0.010491989812782654
0.32034991151489656	0.01048877685306163
0.3214634014104426	0.010485335467111554
0.32258076163559674	0.01048166746541335
0.3237020056430641	0.010477774690934267
0.3248271469323095	0.010473658930560502
0.32595619904972006	0.01046932200025491
0.327089175588768	0.01046476574853674
0.32822609019017457	0.01045999194820713
0.3293669565420741	0.010455002440442162
0.33051178838017903	0.010449799042334952
0.3316605994879451	0.010444383559728838
0.33281340369673723	0.010438757813889653
0.3339702148859964	0.010432923627568952
0.33513104698340623	0.010426882801989319
0.3362959139650612	0.01042063716253295
0.3374648298556344	0.010414188515891144
0.3386378087285471	0.010407538671636614
0.33981486470613725	0.010400689439418373
0.3409960119598303	0.0103936426257925
0.3421812647103094	0.010386400037940557
0.3433706372276868	0.010378963471585975
0.34456414383167555	0.010371334731993875
0.34576179889176195	0.010363515618717142
0.3469636168273786	0.010355507906070567
0.34816961210807784	0.010347313410020596
0.34937979925370627	0.010338933902559265
0.3505941928345792	0.010330371163248454
0.3518128074716563	0.010321626985790032
0.3530356578367177	0.010312703142351212
0.3542627586525403	0.010303601384424836
0.3554941246930754	0.010294323519757589
0.3567297707836264	0.010284871269201938
0.35796971180102716	0.01027524640036807
0.3592139626738214	0.010265450697004469
0.3604625383824423	0.010255485862043856
0.3617154539593928	0.010245353672237306
0.3629727244894267	0.010235055872016716
0.36423436510973006	0.010224594154369802
0.3655003910101038	0.01021397028472416
0.3667708174331464	0.01020318598894078
0.3680456596744372	0.010192242917702626
0.36932493308272096	0.010181142871308604
0.3706086530600924	0.010169887502386347
0.3718968350621815	0.010158478503078676
0.3731894945983401	0.010146917602291737
0.37448664723182806	0.010135206474133246
0.375788308580001	0.010123346753726633
0.37709449431449815	0.010111340203546962
0.378405220161431	0.010099188397914358
0.37972050190157297	0.010086893020095996
0.3810403553705488	0.010074455780200229
0.38236479645902605	0.010061878236098418
0.38369384111290555	0.010049162089670311
0.38502750533351393	0.010036308981001552
0.386365805177796	0.010023320463267553
0.38770875675850835	0.01001019822063942
0.3890563762444131	0.009996943865576032
0.3904086798604725	0.00998355889360478
0.39176568388804467	0.009970045046399641
0.3931274046650793	0.009956332284653379
0.39449385858631425	0.00993553036982322
0.39586506210347333	0.00990971477470234
0.397241031725464	0.009883959630809819
0.3986217840185765	0.009858271255585369
0.40000733560668295	0.009832649889483139
0.40139770317143764	0.00980709493719925
0.4027929034524778	0.009781606347448821
0.40419295324762544	0.009756184181383952
0.4055978694130892	0.00973082790727417
0.40700766886366735	0.009705537612183382
0.4084223685729519	0.009680313149500777
0.40984198557353224	0.009655154081223182
0.41126653695720083	0.009630060492506682
0.4126960398751585	0.009605032210793146
0.4141305115382215	0.00958006870577968
0.4155699692170281	0.0095551703151813
0.4170144302422468	0.009530336572402074
0.4184639120047852	0.009505567294072918
0.41991843195599904	0.009480862490605951
0.42137800760790245	0.009456221926561972
0.42284265653337877	0.009431645242342468
0.4243123963663922	0.009407132668519284
0.4257872448021999	0.00938268363230403
0.42726721959756553	0.009358298088758443
0.4287523385709723	0.009333976093262848
0.4302426196028379	0.0093097171380446
0.43173808063573016	0.009285521307128789
0.4332387396745824	0.009261388459755741
0.43474461478691034	0.009237318175549472
0.43625572410303004	0.009213310539715842
0.43777208581627575	0.009189365381960338
0.4392937181832192	0.009165482198417297
0.44082063952388933	0.009141661312818948
0.44235286822199266	0.009117902275108095
0.44389042272513507	0.00909420491358514
0.4454333215450435	0.009070569237079712
0.446981583257789	0.009046995018499883
0.44853522650401023	0.009023481915891684
0.4500942699891383	0.00900003015035004
0.4516587324836216	0.008976639170766784
0.4532286328231516	0.008953308938098741
0.4548039899088902	0.008930039502339757
0.4563848227076969	0.008906830378594495
0.4579711502523573	0.00888368164795183
0.4595629916418121	0.008860593175270834
0.46116036604138727	0.008837564557097
0.46276329268302463	0.00881459587852224
0.4643717908655135	0.008791686971642423
0.4659858799547227	0.008768837357735572
0.46760557938383457	0.00874604734712776
0.4692309086535779	0.0087233165057427
0.4708618873324634	0.008700644672884112
0.472498535057019	0.008678031855917007
0.4741408715320264	0.008655477835814534
0.47578891653075817	0.008632982287413632
0.47744268989521615	0.008610545422720385
0.4791022115363699	0.008588166711504395
0.4807675014343966	0.008565846120190573
0.4824385796389218	0.00854358369374844
0.48411546626926055	0.008521378969131643
0.48579818151465953	0.008499232024590225
0.4874867456345409	0.008477142730377158
0.489181178958745	0.008455110699284028
0.49088150188777613	0.008433136016137896
0.4925877348930476	0.008411218515539111
0.4942998985171284	0.008389357742673385
0.4960180133739907	0.008367553995017134
0.4977421001492576	0.008345806853934283
0.49947217960045265	0.008324116169101236
0.5012082725572494	0.008302481946527464
0.5029503999217223	0.008280903974979787
0.5046985826685985	0.008259381945272726
0.5064528418455103	0.008237916060696132
0.5082131985732484	0.00821650581112214
0.5099796740460163	0.008195151168044227
0.5117522895316856	0.008173852171748111
0.5135310663720519	0.008152608380055005
0.5153160259830918	0.008131419868466626
0.5171071898552205	0.008110286512419693
0.5189045795535511	0.008089207940299761
0.5207082167181538	0.008068184236532557
0.5225181230643164	0.008047215238320596
0.5243343203828063	0.008026300513585126
0.5261568305401317	0.008005440347483803
0.5279856754788066	0.007984634336297024
0.5298208772176133	0.00796388233947668
0.5316624578518684	0.00794318436178136
0.5335104395536885	0.007922540199506351
0.5353648445722575	0.007901949558669269
0.5372256952340941	0.007881412634202428
0.5390930139433208	0.007860928935333154
0.5409668231819333	0.007840498438247035
0.5428471455100721	0.007820121178868078
0.5447340035662929	0.007799796734944863
0.5466274200678398	0.007779525179324105
0.548527417810919	0.007759306392419351
0.5504340196709728	0.007739140017585323
0.5523472486029557	0.007719026138723043
0.5542671276416095	0.007698964595721025
0.556193679901742	0.0076789549781210295
0.5581269285785044	0.007658997559269571
0.5600668969476713	0.00763909194985757
0.5620136083659202	0.007619238018547781
0.563967086271113	0.007599435768944872
0.5659273541825784	0.007579685004615832
0.5678944357013948	0.007559985446046059
0.5698683545106743	0.0075403372801520615
0.5718491343758486	0.007520740034796458
0.5738367991449542	0.007501193690504306
0.57583137274892	0.007481698279139888
0.5778328792018554	0.007462253397483019
0.5798413426013392	0.00744285911581347
0.58185678712871	0.0074235153193239044
0.5838792370493575	0.007404221665738114
0.5859087167130138	0.007384978238321454
0.5879452505540477	0.007365784879719438
0.589988863091758	0.007346641200032289
0.592039578930669	0.007327547461284353
0.5940974227608271	0.007308503288085432
0.5961624193580974	0.007289508557775332
0.5982345935844626	0.007270563272895172
0.6003139703883217	0.007251667244037241
0.602400574804791	0.007232820205451321
0.604494431956005	0.007214022336367464
0.6065955670514195	0.007195273182590107
0.6087040053881143	0.007176572728652491
0.6108197723510983	0.007157921002643693
0.6129428934136152	0.007139317619517851
0.6150733941374497	0.007120762647074153
0.6172113001732359	0.007102255975093023
0.6193566372607653	0.007083797275095001
0.6215094312292979	0.007065386629604103
0.623669707997872	0.007047023884085793
0.6258374935756168	0.007028708668188105
0.6280128140620652	0.007010441233080846
0.6301956956474688	0.0069922212168172316
0.6323861646131125	0.006974048504908757
0.634584247331631	0.006955923098919028
0.6367899702673265	0.006937844816224596
0.6390033599764877	0.006919813404172758
0.6412244431077084	0.0069018290346213144
0.6434532464022095	0.006883891270648727
0.6456897966941606	0.00686600010048592
0.6479341209110028	0.006848155548712925
0.650186246073773	0.006830357247641455
0.6524461992974294	0.006812605262672045
0.6547140077911782	0.006794899487992829
0.6569896988588001	0.00677723960855021
0.6592732998989804	0.006759625705481549
0.6615648384056383	0.006742057627678103
0.6638643419682574	0.006724535023189218
0.6661718382722188	0.006707058132777955
0.6684873550991337	0.006689626607480799
0.6708109203271782	0.006672240340504388
0.6731425619314292	0.006654899332513392
0.6754823079842005	0.006637603407436242
0.6778301866553814	0.00662035232508282
0.6801862262127758	0.006603146250240537
0.6825504550224419	0.006585984762616261
0.6849229015490346	0.006568867853849735
0.6873035943561482	0.006551795545261232
0.6896925621066587	0.006534767485740062
0.6920898335630717	0.006517783738367216
0.6944954375878655	0.006500844201565688
0.6969094031438416	0.006483948573481812
0.6993317592944709	0.006467096932864652
0.7017625352042457	0.0064502891329911985
0.7042017601390286	0.0064335248390914234
0.7066494634664077	0.006416804281951258
0.7091056746560469	0.006400127125145522
0.7115704232800436	0.006383493269123187
0.7140437390132836	0.006366902713725072
0.7165256516337969	0.006350355289208004
0.7190161910231194	0.006333850767562608
0.7215153871666493	0.006317389305819663
0.7240232701540114	0.00630097050067108
0.7265398701794156	0.00628459434656551
0.7290652175420246	0.00626826086180156
0.7315993426463149	0.00625196971109775
0.7341422760024459	0.006235720955296334
0.7366940482266247	0.006219514496883658
0.7392546900414771	0.00620335004665614
0.741824232276415	0.006187227681027377
0.7444027058680099	0.006171147257566872
0.7469901418603645	0.006155108457851858
0.7495865714054848	0.006139111503109625
0.7521920257636585	0.006123156069017303
0.7548065363038281	0.00610724206284119
0.7574301345039712	0.006091369483668722
0.7600628519514769	0.006075538167865847
0.7627047203435292	0.006059747899047512
0.7653557714874851	0.006043998826709288
0.7680160373012611	0.006028290563986614
0.770685549813714	0.006012623107861622
0.7733643411650297	0.0059969964738343
0.7760524436071086	0.0059814103417378155
0.7787498895039529	0.005965864770253558
0.7814567113320587	0.005950359665767354
0.7841729416808046	0.005934894751199458
0.7868986132528464	0.00591947010067983
0.7896337588645082	0.00590408557597322
0.79237841144618	0.005888740874220097
0.7951326040427122	0.005873436207479887
0.7978963698138156	0.005858171263117185
0.8006697420344574	0.0058429459548110145
0.8034527540952655	0.005827760280962469
0.8062454395029285	0.005812614083832621
0.8090478318805983	0.005797507158085274
0.8118599649682975	0.005782439646035708
0.8146818726233226	0.005767411176598159
0.8175135888206547	0.005752421749076552
0.8203551476533657	0.005737471376380875
0.8232065833330312	0.005722559752780446
0.8260679301901401	0.005707686934866173
0.8289392226745104	0.0056928528327717005
0.8318204953557014	0.005678057181029626
0.8347117829234323	0.005663300051543935
0.8376131201879977	0.005648581310176844
0.8405245420806886	0.005633900668882506
0.8434460836542123	0.005619258330929042
0.8463777800831127	0.005604653994968323
0.8493196666641972	0.005590087580707302
0.8522717788169583	0.005575559085922434
0.8552341520840028	0.005561068358568433
0.858206822131477	0.005546615203803653
0.8611898247494993	0.005532199757107998
0.8641831958525876	0.005517821662529749
0.867186971480095	0.00550348092150243
0.8702011877966408	0.005489177544539235
0.8732258810925483	0.0054749112396974605
0.8762610877842808	0.005460682061546289
0.8793068444148786	0.0054464899238204035
0.8823631876544021	0.00543233457217658
0.8854301543003699	0.0054182160763490105
0.8885077812782048	0.005404134306199575
0.8915961056416759	0.005390088988019929
0.894695164573347	0.00537608031593654
0.8978049953850216	0.005362108000210574
0.9009256355181954	0.0053481719659805365
0.9040571225445034	0.005334272210453543
0.9071994941661758	0.005320408587082449
0.91035278821649	0.005306580910993712
0.913517042660225	0.005292789311160037
0.9166922955941221	0.005279033446145861
0.9198785852473391	0.00526531331933433
0.9230759499819149	0.005251628939022405
0.9262844282932271	0.0052379800264353345
0.92950405881046	0.005224366634191259
0.9327348802970653	0.005210788679480009
0.9359769316512325	0.005197245918619245
0.9392302519063539	0.005183738419224212
0.9424948802314981	0.005170266055063557
0.9457708559318778	0.005156828566246152
0.9490582184493263	0.005143426137620988
0.952357007362771	0.005130058491163415
0.9556672623887085	0.005116725556944582
0.9589890233816862	0.005103427331652865
0.9623223303347782	0.0050901636740486025
0.9656672233800705	0.005076871936621943
0.9690237427891406	0.005060952638900837
0.9723919289735461	0.005043422396677349
0.9757718224853074	0.005025952860045095
0.9791634640173997	0.005008543948746585
0.9825668944042393	0.0049911952103923645
0.9859821546221782	0.004973906626396508
0.9894092857899967	0.00495667800026283
0.9928483291693961	0.004939508926173584
0.9962993261654998	0.004922399406426918
0.9997623183273471	0.004905349187284348
1.0032373473483978	0.004888357846751476
1.00672445506703	0.004871425537921505
1.0102236834670484	0.0048545518123354085
1.013735074678185	0.004837736495947798
1.0172586709766107	0.004820979498250791
1.02079451478544	0.004804280549678087
1.0243426486752458	0.004787639340422109
1.0279031153645704	0.0047710559439858155
1.0314759577204373	0.004754529851704196
1.0350612187588724	0.0047380609891457745
1.0386589416454164	0.004721649278480978
1.0422691696956496	0.0047052942938884445
1.0458919463757088	0.004688996018354665
1.0495273153028148	0.004672754266294983
1.0531753202457936	0.004656568654712504
1.0568360051256074	0.004640439186877467
1.060509414015879	0.004624365621468082
1.0641955911434269	0.004608347563084138
1.0678945808887939	0.004592385154969277
1.0716064277867838	0.004576477973349981
1.0753311765269982	0.0045606258562157975
1.0790688719543704	0.004544828717465599
1.0828195590697114	0.0045290863017062285
1.0865832830302458	0.004513398318675313
1.0903600891501601	0.004497764836908128
1.094150022901145	0.0044821853758469105
1.0979531299129457	0.004466659867662421
1.1017694559739075	0.004451188236935907
1.1055990470315322	0.004435770082856889
1.1094419491930256	0.004420405389863735
1.1132982087258578	0.004405093982679301
1.1171678720583174	0.004389835499842381
1.1210509857800692	0.004374629945479311
1.12494759664272	0.00435947709009247
1.1288577515603753	0.0043443765632154956
1.1327814976102097	0.00432932849886804
1.1367188820330294	0.004314332496604234
1.1406699522338444	0.004299388405643844
1.1446347557824361	0.004284496144080999
1.1486133404139334	0.004269655469959181
1.152605754029383	0.004254866111337712
1.1566120446963315	0.004240128132112351
1.1606322606494	0.004225441078280235
1.1646664502908655	0.004210804888104922
1.168714662191246	0.004196219488554281
1.1727769450898815	0.004181684502363928
1.1768533478955252	0.0041671999153110525
1.1809439196869278	0.004152765561854511
1.1850487097134326	0.004138381100860114
1.1891677673955643	0.004124046537198802
1.193301142325629	0.004109761652636934
1.1974488842683055	0.004095526100080637
1.2016110431612501	0.00408134000491391
1.2057876691156928	0.004067202988735608
1.2099788124170443	0.0040531149112414564
1.2141845235255009	0.0040390756945215545
1.218404853076649	0.0040250851093565874
1.222639851882079	0.00401114290097876
1.2268895709299932	0.003997249128952102
1.2311540613858238	0.003983403364363804
1.235433374592844	0.003969605551092954
1.2397275620727917	0.003955855618470832
1.2440366755264838	0.003942153211393531
1.2483607668344445	0.003928498316877297
1.2526998880575246	0.003914890778575557
1.2570540914375332	0.003901330274539423
1.261423429397864	0.0038878168102836614
1.2658079545441248	0.0038743501783033763
1.2702077196647754	0.00386093005341323
1.2746227777317587	0.003847556552912923
1.2790531819011421	0.003834229319233407
1.2834989855137542	0.0038209482218402838
1.28796024209583	0.003807713186743129
1.2924370053596526	0.003794523996460637
1.2969293292042026	0.0037813804126564632
1.301437267715804	0.0037682824907371913
1.3059608751687783	0.003755229825497412
1.3105002060260975	0.0037422223659883055
1.3150553149400361	0.003729260043875836
1.3196262567528352	0.0037163425249139826
1.324213086497357	0.003703469797264684
1.3288158593977522	0.0036906417132635374
1.3334346308701202	0.003677857969068977
1.3380694565231814	0.0036651185707513656
1.3427203921589417	0.003652423321019397
1.3473874937733685	0.0036397719152271033
1.3520708175570615	0.003627164463102967
1.3567704198959327	0.0036146006267661363
1.361486357371881	0.0036020802847927798
1.3662186867634774	0.0035896033670133527
1.3709674650466475	0.003577169666808058
1.3757327493953548	0.0035647789615097197
1.3805145971822939	0.0035524313025528673
1.3853130659795756	0.003540126307130551
1.3901282135594262	0.0035278639290595784
1.3949600978948766	0.00351564410230283
1.399808777160467	0.0035034665122494566
1.4046743097329406	0.0034913311481166733
1.4095567541919525	0.0034792378704426702
1.4144561693207696	0.003467186392473467
1.419372614106983	0.003455176720754675
1.424306147743216	0.0034432086677176734
1.429256829627835	0.003431281947971449
1.4342247193656688	0.003419396664154182
1.439209876768722	0.0034075524969927854
1.4442123618568992	0.0033957493335571185
1.449232234858723	0.0033839871073033843
1.454269556212064	0.0033722656219440515
1.459324386564864	0.003360584669466277
1.4643967867758703	0.0033489442976073025
1.469486817915364	0.0033373441447211915
1.4745945412659	0.003325784169012431
1.479720018323042	0.0033142643067004033
1.4848633107961013	0.0033027842616586136
1.490024480608885	0.0032913440240757296
1.4952035899004352	0.003279943462238909
1.5004007010257836	0.003268582305519902
1.5056158765566956	0.0032572605608651175
1.5108491792824301	0.0032459780499634566
1.5161006722104895	0.0032347345054710517
1.5213704185673838	0.0032235300233893196
1.5266584817993867	0.003212364302028513
1.5319649255733048	0.0032012372363785643
1.537289813777238	0.00319014876333578
1.5426332105213543	0.0031790986964398923
1.54799518013866	0.0031680868413826273
1.5533757871857703	0.00315711324246073
1.558775096443694	0.00314617755801923
1.5641931729186052	0.0031352797502998153
1.5696300818426336	0.0031244197577374295
1.5750858886746437	0.003113597301603071
1.5805606591010277	0.0031028123729823997
1.5860544590364918	0.0030920648474799294
1.591567354624855	0.003081354469688018
1.5970994122398394	0.003070681246885563
1.6026506984858755	0.0030600450095746895
1.6082212801989002	0.0030494455073262145
1.6138112244471607	0.0030388828299300155
1.619420598532027	0.003028356692310999
1.625049469988795	0.003017866996844564
1.6306979065875078	0.003007413683689509
1.636365976333763	0.00299699657573127
1.64205374746954	0.002986615491480037
1.6477612884740134	0.002976270472027593
1.6534886680643854	0.0029659611946081916
1.6592359551967055	0.0029556876251739016
1.665003219066707	0.0029454497043320395
1.6707905291106382	0.002935247169727893
1.6765979550060939	0.0029250800132754854
1.6824255666728627	0.002914948117488743
1.6882734342737606	0.0029048512413265316
1.6941416282154822	0.0028947893923380683
1.700030219149443	0.0028847624094143335
1.7059392779726352	0.0028747700579812075
1.711868875828476	0.0028648124220122364
1.7178190841076697	0.0028548892321349773
1.7237899744490612	0.0028450003976066627
1.7297816187405042	0.002835145861684581
1.7357940891197239	0.002825325456138432
1.7418274579751833	0.002815539011468001
1.7478817979469614	0.0028057865657799795
1.753957181927619	0.002796067814156779
1.7600536830630849	0.00278638272595835
1.766171374753529	0.002776731243917279
1.7723103306542531	0.0027671131210935947
1.778470624676571	0.002757528350161915
1.7846523309887043	0.002747976820163785
1.7908555240166695	0.0027384583036156075
1.7970802784451807	0.002728972808282993
1.8033266692185417	0.002719520181040045
1.8095947715415541	0.002710100202174104
1.8158846608804216	0.0027007129502124166
1.8221964129636532	0.0026913581706235657
1.8285301037829844	0.0026820357790771753
1.8348858095942822	0.0026727457217704184
1.8412636069184722	0.0026634878389218213
1.8476635725424517	0.0026542619722408753
1.8540857835200222	0.002645068157058315
1.8605303171728087	0.002635906105317191
1.8669972510911994	0.002626775789508015
1.8734866631352713	0.0026176771544393464
1.8799986314357349	0.0026086099676811527
1.8865332343948709	0.0025995742226072936
1.8930905506874731	0.0025905698144261485
1.8996706592618011	0.002581596528447307
1.9062736393405229	0.0025726543726052576
1.9128995704216774	0.002563743201369926
1.9195485322796229	0.00255486280895704
1.9262206049660058	0.002546013268797589
1.9329158688107169	0.002537194340382749
1.9396344044228655	0.002528405945359414
1.946376292691743	0.002519648032712677
1.9531416147878025	0.0025109204506952795
1.9599304521636347	0.0025022230514968476
1.9667428865549443	0.0024935558678666134
1.9735789999815412	0.0024849186276757755
1.980438874748321	0.002476311306288658
1.9873225934462626	0.0024677338505387485
1.9942302389534152	0.0024591860416541874
2.001161894435904	0.0024506678736528737
2.008117643348925	0.0024421792475658984
2.015097569437754	0.002433719960778829
2.0221017567387514	0.002425290021348229
2.0291302895803778	0.0024168892909737557
2.0361832525842054	0.002408517576923792
2.0432607306659407	0.002400174947859723
2.0503628090364443	0.0023918611765233002
2.0574895732027554	0.0023835761901316835
2.064641108969127	0.0023753199403143185
2.0718175024380514	0.002367092282961532
2.079018840011304	0.002358893080063201
2.086245208390977	0.0023507223619655673
2.09349669458053	0.0023425798715893953
2.1007733858858306	0.002334465586932876
2.108075369916213	0.0023263794568043877
2.1154027345855235	0.0023183212752875674
2.1227555681131887	0.0023102910369928154
2.1301339590252724	0.002302288648450076
2.137537996155539	0.002294313918442706
2.144967768646531	0.0022863668551083415
2.1524233659506327	0.0022784473270266313
2.1599048778311567	0.0022705551536975096
2.1674123943634145	0.0022626903993186813
2.1749460059358117	0.0022548528491541714
2.1825058032509266	0.0022470424356090955
2.1900918773266103	0.0022392591128227485
2.1977043194970745	0.002231502743945486
2.2053432214139987	0.00222377320013034
2.213008675047631	0.0022160705094869814
2.2207007726878905	0.0022083944291562403
2.228419606945488	0.0022007449395475835
2.2361652707530304	0.002193121991394159
2.2439378573661495	0.0021855253908789124
2.251737460364617	0.0021779551331566117
2.2595641736534766	0.0021704111299517444
2.2674180914641697	0.002162893200803212
2.2752993083556765	0.0021554013538952776
2.283207919215645	0.0021479354643519502
2.2911440192615453	0.002140495363137086
2.2991077040418038	0.0021330811102696174
2.307099069436963	0.002125692502847904
2.3151182116608324	0.0021183294781084287
2.323165227261643	0.0021109919925728303
2.3312402131232193	0.002103679916291557
2.339343266466134	0.0020963931289837176
2.347474484848889	0.002089131656680326
2.3556339661690817	0.002081895269955286
2.363821808664592	0.0020746839514264705
2.372038110914754	0.0020674976536983383
2.3802829718415572	0.0020603361943431486
2.3885564907108217	0.0020531995690152363
2.396858767133406	0.002046087694345586
2.405189901066403	0.002039000400022854
2.4135499928143354	0.002031937694247351
2.4219391430303774	0.0020248994583673013
2.4303574527175527	0.002017885534090791
2.438805023229962	0.002010895977525354
2.447281956273994	0.0020039305969521714
2.4557883539095577	0.001996989334108649
2.4643243185513044	0.001990072147774713
2.472889952969867	0.0019831789145606316
2.48148536029309	0.0019763095221925187
2.49011064400728	0.001969463994769053
2.4987659079584454	0.001962642115554193
2.507451256353546	0.001955843869186861
2.516166793761754	0.001949069210088436
2.5249126251157037	0.0019423179665534487
2.5336888557127657	0.0019355901346931907
2.542495591216304	0.001928885635772619
2.551332937656958	0.001922204309060724
2.5602010014339083	0.0019155461627436384
2.569099889316171	0.001908911084091892
2.578029708443868	0.00190229892488037
2.586990566329532	0.0018957097375570478
2.595982570859387	0.0018891433409703874
2.605005830294659	0.0018825996810491181
2.6140604532728737	0.0018760787187149742
2.6231465488091614	0.0018695803368137494
2.6322642262975786	0.001863104430554938
2.641413595512413	0.001856651022241171
2.6505947666095198	0.001850219907126076
2.6598078501276325	0.001843811071694018
2.6690529569897072	0.0018374244721318345
2.6783301985042467	0.0018310599468254868
2.6876396863666523	0.0018247174923455643
2.6969815326605553	0.0018183970342140463
2.7063558498591784	0.001812098420861309
2.715762750826686	0.0018058216603932067
2.725202348819536	0.0017995666457147664
2.734674757487855	0.0017933332380324493
2.7441800908767977	0.0017871214863711222
2.7537184634279264	0.0017809312195639507
2.763289989980581	0.0017747623874421587
2.7728947857732718	0.00176861495295976
2.7825329664450558	0.0017624888048877053
2.792204648036941	0.001756383845430904
2.80190994699327	0.001750300095221719
2.811648980163134	0.0017442373608419024
2.8214218648017764	0.0017381956304591965
2.831228718571995	0.0017321748619744328
2.841069659545576	0.0017261749032708893
2.850944806204698	0.0017201957514735614
2.8608542774433716	0.001714237335730506
2.8707981925688624	0.0017082995135118617
2.8807766713031353	0.0017023822926929939
2.890789833784285	0.001696485571536635
2.9008378005679956	0.001690609220087616
2.9109206926289786	0.001684753284166913
2.921038631362443	0.0016789176020436903
2.9311917385855435	0.0016731021271814506
2.941380136538858	0.0016673068244624381
2.951603947887855	0.00166153158828744
2.961863295724365	0.0016557763274003526
2.9721583035680763	0.0016500410608806272
2.9824890953680057	0.0016443256060119998
2.9928557955040045	0.0016386299524981998
3.0032585287882463	0.0016329540599000136
3.0136974204667384	0.0016272977850415487
3.0241725962208186	0.0016216611255489971
3.0346841821686823	0.001616044014026106
3.045232304866887	0.0016104463164439526
3.0558170913118854	0.0016048680404479243
3.066438668941554	0.0015993090893950913
3.0770971656367188	0.001593769341612587
3.087792709722707	0.0015882488399226221
3.0985254299708815	0.0015827474315119024
3.1092954556001997	0.001577265073252518
3.120102916278761	0.0015718017317702584
3.1309479421253776	0.0015663573069018117
3.14183066371113	0.0015609317134721763
3.152751212060951	0.0015555249691192054
3.163709718655191	0.0015501369012366926
3.1747063154312114	0.001544767500927339
3.185741134784969	0.001539416729359481
3.196814309572605	0.0015340844517737129
3.2079259731120557	0.0015287706662483538
3.219076259184645	0.0015234753086804304
3.2302653020367074	0.001518198253035207
3.2414932363811917	0.0015129395067283399
3.2527601973992963	0.001507698977962197
3.264066320742083	0.00150247655282297
3.2754117425321234	0.0014972722713280844
3.2867965993651262	0.0014920859890900442
3.2982210283115916	0.001486917666289988
3.309685166918452	0.0014817672707994585
3.321189153210737	0.0014766347080280462
3.3327331256932315	0.0014715198983464338
3.3443172233521383	0.001466422858054053
3.3559415856567627	0.0014613434240954408
3.367606352561178	0.0014562815888459763
3.3793116645059245	0.0014512373150305294
3.3910576624196866	0.00144621047591729
3.402844487721004	0.001441201069674456
3.4146722823199593	0.0014362090356544893
3.4265411886199004	0.001431234255235019
3.438451349519142	0.001426276735602796
3.450402908412699	0.0014213363895680523
3.4623960091940047	0.0014164131104854455
3.474430796256641	0.0014115069357494119
3.486507414496088	0.0014066177289335582
3.4986260093114545	0.0014017454532912123
3.510786726607242	0.0013968900779059291
3.522989712795088	0.0013920515134503886
3.535235114795544	0.0013872296854856294
3.5475230800398263	0.0013824246090674527
3.559853756471611	0.0013776361301639467
3.5722272925487957	0.0013728642423060445
3.5846438372453022	0.0013681089097247814
3.597103540052864	0.0013633700132736225
3.609606550982821	0.0013586475510996916
3.6221530205679375	0.001353941465932411
3.6347430998642016	0.0013492516460909272
3.6473769404526566	0.0013445780985343444
3.660054694441212	0.0013399207404541172
3.6727765144664906	0.0013352794720150928
3.68554255369565	0.0013306543281570342
3.6983529658282426	0.001326045179977161
3.71120790509805	0.0013214519935788708
3.724107526274955	0.00131687473922524
3.7370519846667953	0.001312313332558513
3.750041436121234	0.0013077677039975539
3.7630760370276435	0.001303237867442709
3.776155944318976	0.001298723677387711
3.7892813154736675	0.001294225128411059
3.802452308517519	0.0012897421861997344
3.8156690820256127	0.0012852747387398318
3.8289317951242086	0.0012808227841652148
3.842240607492674	0.0012763862683948688
3.855595679365389	0.0012719650862829388
3.868997171533696	0.001267559244563975
3.8824452453478147	0.0012631686645942256
3.8959400627188012	0.0012587932529190464
3.909481786120492	0.0012544330421813516
3.9230705785914513	0.001250087910588381
3.936706603736951	0.0012457578268871851
3.950390025730924	0.0012414427624866597
3.964121009317954	0.0012371426377228698
3.977899719815247	0.0012328573875595372
3.991726323114633	0.0012285870248252746
4.005600985684554	0.0012243314120673426
4.019523874572076	0.0012200905448137025
4.03349515740489	0.001215864390157359
4.047515002393344	0.0012116528427914153
4.06158357833246	0.0012074559008432406
4.07570105460396	0.0012032735132448266
4.089867601178321	0.0011991055810021216
4.104083388616805	0.0011949521106289433
4.118348588073528	0.00119081302744033
4.132663371297505	0.0011866882439586209
4.1470279106347325	0.001182577790679088
4.161442379030252	0.0011784815525266138
4.1759069500302415	0.001174399500700796
4.1904217977840945	0.0011703316077222858
4.204987097046526	0.0011662777983604245
4.219603023179677	0.0011622380118309374
4.234269752155213	0.0011582122599683282
4.248987460556459	0.0011542004129277829
4.2637563255805135	0.001150202467096193
4.278576525040391	0.0011462183909236993
4.2934482373671505	0.001142248085409474
4.308371641612063	0.0011382915486818266
4.3233469174487436	0.0011343487325173912
4.338374245175338	0.001130419543714806
4.35345380571667	0.0011265039885695926
4.3685857806264465	0.0011226019961607452
4.383770352089415	0.0011187134846091036
4.399007702923577	0.0011148384824015067
4.4142980165823875	0.0011109768808100714
4.42964147715695	0.0011071286533090566
4.445038269378248	0.001103293773496996
4.460488578619359	0.0010994721703298537
4.475992590897698	0.0010956637870020605
4.491550492877238	0.001091868634425457
4.507162471870782	0.0010880865899428006
4.522828715842192	0.0010843176507158506
4.538549413408678	0.0010805617865048795
4.554324753843044	0.00107681890423768
4.570154927075988	0.0010730890020501614
4.586040123698378	0.0010693720344044663
4.601980534963543	0.001065667913553936
4.617976352789587	0.0010619766455786704
4.634027769761689	0.001058298163136176
4.650134979134431	0.001054632389590961
4.666298174834113	0.0010509793515514271
4.682517551461103	0.0010473389462877555
4.698793304292164	0.0010437111493823252
4.715125629282819	0.0010400959354785828
4.731514723069699	0.0010364932374860526
4.7479607829729185	0.0010329030023219052
4.764464006998451	0.0010293252400414398
4.7810245938405	0.0010257598347785204
4.797642742883913	0.001022206784392091
4.814318654206562	0.0010186660599064714
4.8310525285817665	0.0010151375738235112
4.847844567480698	0.0010116213242917782
4.8646949730748235	0.001008117268310019
4.881603948238315	0.0010046253232665941
4.898571696550518	0.0010011454950307772
4.915598422298381	0.0009976777196607205
4.932684330478934	0.0009942219254330496
4.949829626801736	0.0009907781371991061
4.967034517691371	0.0009873462578971067
4.984299210289923	0.0009839262650625357
5.0016239124594675	0.0009805181343512008
5.0190088327845865	0.0009771218024060607
5.0364541805748635	0.0009737372196267223
5.0539601658674185	0.0009703643952749768
5.071526999429423	0.0009670032198994148
5.0891548927606545	0.000963653691986239
5.106844058096022	0.0009603157837777746
5.124594708408143	0.0009569894130170492
5.142407057409885	0.0009536745778697034
5.160281319556963	0.000950371237730277
5.178217710050502	0.0009470793148212158
5.196216444839634	0.0009437988148057405
5.214277740624104	0.0009405296769734925
5.232401814856868	0.0009372718342024439
5.2505888857467236	0.0009340253097004589
5.268839172260922	0.0009307900117766836
5.287152894127823	0.0009275659197309886
5.30553027183952	0.0009243530102437103
5.323971526654515	0.0009211512234688924
5.342476880600363	0.0009179605130636415
5.361046556476361	0.0009147808875542741
5.379680777856226	0.0009116122435490581
5.398379769090776	0.0009084545800970757
5.41714375531065	0.0009053078706136728
5.435972962428997	0.0009021720377703124
5.454867617144221	0.0008990470797533342
5.473827946942685	0.0008959329582197114
5.49285418010147	0.0008928295999436062
5.511946545691107	0.0008897370103861176
5.531105273578354	0.0008866551319083558
5.55033059442894	0.0008835839016973238
5.569622739710365	0.0008805233414247058
5.588981941694668	0.0008774733645079301
5.608408433461239	0.0008744339517793057
5.6279024488996185	0.0008714050810096278
5.647464222712303	0.0008683866956356107
5.667093990417596	0.0008653787523608986
5.686791988352413	0.000862381259030323
5.706558453675156	0.0008593941179770333
5.726393624368544	0.0008564173287530706
5.7462977392425	0.0008534508659039181
5.766271037937005	0.0008504946567342176
5.786313760925004	0.0008475486994551435
5.806426149515281	0.0008446129578598757
5.826608445855384	0.0008416873630082199
5.846860892934527	0.0008387719201633626
5.867183734586514	0.0008358665746056916
5.8875772154926915	0.0008329712675573827
5.90804158118487	0.0008300860192541177
5.9285770780483045	0.0008272107479370575
5.949183953324639	0.0008243454358630983
5.969862455114904	0.0008214900618456718
5.990612832382483	0.0008186445724237384
6.011435334956132	0.0008158089271511326
6.03233021353296	0.000812983133240854
6.053297719681478	0.0008101670984347052
6.074338105844607	0.0008073608227327018
6.095451625342718	0.0008045642817687028
6.1166385323766965	0.0008017774072030376
6.137899082030982	0.0007990001972752269
6.159233530276664	0.0007962326177953704
6.180642133974537	0.0007934746038583187
6.202125150878218	0.0007907261605342977
6.2236828396372275	0.0007879872358772752
6.245315459800126	0.0007852577748888361
6.267023271817615	0.0007825377964616232
6.288806537045695	0.0007798272233923705
6.310665517748795	0.0007771260392620414
6.332600477102941	0.0007744342238803034
6.354611679198925	0.0007717517267183284
6.376699389045466	0.0007690785099960358
6.398863872572433	0.0007664145803409094
6.4211053966340135	0.0007637598506042255
6.443424229011953	0.000761114321184443
6.465820638418756	0.0007584779687622216
6.488294894500947	0.0007558507290935
6.510847267842287	0.0007532326004483352
6.533478029967062	0.0007506235505418661
6.556187453343325	0.00074802351826762
6.5789758113861945	0.0007454325085079986
6.601843378461143	0.0007428504719519711
6.624790429887289	0.0007402773571407497
6.64781724194073	0.0007377131817111203
6.6709240918578505	0.0007351578727619871
6.694111257838676	0.0007326114151047379
6.717379019050208	0.0007300737895006003
6.740727655629801	0.0007275449481927699
6.764157448688514	0.0007250248558940477
6.787668680314521	0.0007225135186902365
6.811261633576481	0.0007200108542591696
6.834936592526968	0.0007175168633522998
6.858693842205878	0.0007150315236569126
6.882533668643869	0.0007125547747797172
6.906456358865791	0.0007100866150234266
6.930462200894156	0.0007076270139022089
6.954551483752593	0.0007051759138863271
6.978724497469358	0.0007027333196746506
7.002981533080779	0.0007002991844602923
7.027322882634793	0.0006978734600984571
7.051748839194445	0.0006954561630527087
7.076259696841451	0.0006930472244837941
7.100855750679682	0.0006906466303468443
7.125537296838756	0.0006882543623118905
7.150304632477612	0.0006858703752422363
7.175158055788048	0.0006834946361818933
7.200097865998343	0.0006811271507153581
7.2251243633768425	0.0006787678410801797
7.250237849235602	0.0006764167083386869
7.275438625933973	0.0006740737311461832
7.300726996882272	0.000671738852729684
7.3261032665454175	0.0006694120714268609
7.351567740446627	0.0006670933584504721
7.37712072517105	0.0006647826596376984
7.40276252836948	0.0006624799795098926
7.428493458762085	0.0006601852736385324
7.454313826142075	0.00065789849698246
7.4802239413794664	0.0006556196649076571
7.5062241164248045	0.0006533487124116841
7.532314664312953	0.0006510856265117211
7.558495899166818	0.0006488303897452556
7.584768136201157	0.0006465829594526211
7.611131691726364	0.0006443433048579126
7.6375868831522995	0.0006421114310815382
7.664134028992077	0.0006398872646681915
7.6907734488659205	0.0006376708069533669
7.717505463505	0.000635462037522868
7.744330394755325	0.000633260903007169
7.771248565581572	0.0006310674017799755
7.798260300070992	0.0006288815066588057
7.825365923437346	0.0006267031666508479
7.8525657620247635	0.0006245323861039752
7.879860143311706	0.0006223691228498043
7.907249395914898	0.000620213334753108
7.93473384959331	0.0006180650361543
7.962313835252083	0.0006159241656732543
7.989989684946544	0.0006137907113140413
8.017761731886191	0.0006116646564427764
8.045630310438728	0.0006095459607407378
8.073595756134058	0.0006074345954700327
8.101658405668326	0.0006053305653225731
8.12981859690802	0.000603233800911611
8.158076668893967	0.0006011443038111436
8.186432961845469	0.0005990620545002684
8.214887817164367	0.0005969870028100111
8.24344157743919	0.000594919147151494
8.272094586449235	0.0005928584618568002
8.30084718916873	0.0005908048989181169
8.329699731770976	0.0005887584625152782
8.358652561632548	0.0005867191126264331
8.387706027337424	0.000584686809836825
8.416860478681215	0.0005826615675289735
8.446116266675393	0.0005806433277431723
8.475473743551467	0.0005786320793999706
8.504933262765263	0.0005766278066559455
8.53449517900116	0.0005746304714056933
8.564159848176395	0.000572640046816925
8.593927627445291	0.0005706565371845661
8.623798875203605	0.0005686798769659585
8.653773951092807	0.0005667100679417258
8.683853216004463	0.0005647470914491555
8.714037032084516	0.0005627909003275484
8.744325762737676	0.0005608414930270729
8.77471977263182	0.0005588988453100333
8.805219427702335	0.0005569629119788519
8.835825095156553	0.0005550336970498403
8.866537143478155	0.0005531111625408183
8.89735594243165	0.0005511952715839527
8.928281863066763	0.000549286036665947
8.959315277722943	0.0005473834030575938
8.990456560033833	0.0005454873605301802
9.021706084931791	0.000543597893994973
9.05306422865237	0.0005417149674378355
9.084531368738853	0.0005398385558088198
9.11610788404684	0.0005379686630357019
9.147794154748752	0.0005361052272072325
9.179590562338442	0.0005342482502813296
9.21149748963577	0.0005323977144198232
9.243515320791253	0.0005305535752901851
9.27564444129063	0.000528715831381857
9.307885237959542	0.000526884459808048
9.340238098968172	0.0005250594180170724
9.37270341383595	0.0005232407098668229
9.405281573436195	0.0005214282993117045
9.437972970000846	0.0005196221518691051
9.470777997125209	0.0005178222791884252
9.503697049772642	0.0005160286295909826
9.536730524279351	0.000514241193637258
9.569878818359133	0.0005124599569592749
9.603142331108218	0.0005106848855196736
9.63652146301	0.0005089159559340033
9.670016615939913	0.0005071531717913496
9.703628193170232	0.0005053964746108267
9.737356599374987	0.00050364586650167
9.77120224063476	0.0005019013304163688
9.805165524441625	0.0005001628246817242
9.839246859704026	0.0004984303478272314
9.873446656751746	0.0004967038782415204
9.907765327340783	0.0004949833758635467
9.942203284658339	0.0004932688443983613
9.976760943327827	0.0004915602496396652
10.011438719413801	0.0004898575593371645
10.046237030427001	0.0004881607843583732
10.081156295329368	0.00048646987590515646
10.116196934539124	0.00048478482527053045
10.15135936993577	0.00048310561877353404
10.186644024865213	0.0004814322242457228
10.22205132414484	0.00047976461985967177
10.257581694068666	0.00047810280889149783
10.293235562412416	0.0004764467361003774
10.329013358438702	0.000474796403723696
10.364915512902222	0.00047315179547236923
10.40094245805488	0.0004715128721732608
10.437094627651037	0.00046987963239593193
10.473372456952715	0.00046825205573386273
10.509776382734868	0.00046663010447099365
10.546306843290592	0.0004650137821637229
10.582964278436434	0.00046340305635296714
10.619749129517665	0.0004617978968784465
10.656661839413646	0.0004601983138767531
10.693702852543089	0.00045860426126956326
10.730872614869439	0.0004570157310299705
10.768171573906281	0.0004554327101323152
10.805600178722655	0.00045385516817457764
10.843158879948517	0.00045228308478435786
10.88084812978013	0.0004507164629493345
10.918668381985565	0.0004491552504894413
10.95662009191009	0.00044759944974799635
10.994703716481691	0.0004460490451638455
11.032919714216572	0.00044450399991417285
11.071268545224694	0.00044296431260890747
11.109750671215268	0.0004414299639787218
11.148366555502335	0.0004399009185158005
11.187116663010384	0.00043837717963268285
11.22600146027988	0.0004368587165295312
11.265021415472926	0.0004353455010181131
11.30417699837888	0.00043383754250437103
11.343468680420049	0.00043233479752659905
11.382896934657303	0.0004308372586719674
11.42246223579582	0.0004293449135403524
11.462165060190765	0.0004278577333992096
11.502005885853084	0.0004263756992810953
11.541985192455183	0.0004248988137724023
11.582103461336741	0.0004234270277194871
11.622361175510541	0.0004219603435071565
11.662758819668207	0.00042049874627212314
11.703296880186098	0.0004190422014008522
11.743975845131134	0.0004175907075441287
11.784796204266721	0.0004161442465064528
11.825758449058572	0.00041470278485853236
11.866863072680681	0.0004132663258741773
11.90811057002123	0.0004118348403291577
11.949501437688594	0.0004104083018983247
11.991036174017252	0.00040898671925314924
12.032715279073821	0.0004075700514541895
12.074539254663119	0.0004061582916405678
12.116508604334118	0.0004047514280087568
12.158623833386073	0.0004033494334038466
12.200885448874574	0.00040195229017124355
12.243293959617697	0.00040056000052730216
12.285849876202057	0.00039917251817368765
12.328553710989011	0.00039778984552295765
12.371405978120796	0.000396411968380768
12.41440719352677	0.0003950388542106006
12.457557874929547	0.0003936705017035307
12.500858541851287	0.0003923068936783394
12.544309715619915	0.0003909479986628102
12.587911919375463	0.00038959381979643645
12.631665678076274	0.000388244329350884
12.675571518505379	0.00038689950274351084
12.71962996927686	0.0003855593479645463
12.763841560842158	0.0003842238264499572
12.808206825496487	0.00038289293185227256
12.852726297385239	0.0003815666529367915
12.897400512510448	0.0003802449640398508
12.942230008737182	0.0003789278487310733
12.987215325800062	0.0003776153088909086
13.032357005309729	0.0003763073009106822
13.07765559075943	0.0003750038272194055
13.123111627531479	0.00037370487426349047
13.168725662903848	0.0003724104114595121
13.214498246056818	0.0003711204375384284
13.2604299280795	0.0003698349362767792
13.30652126197652	0.00036855387804451403
13.352772802674657	0.0003672772658519023
13.399185107029579	0.0003660050733908733
13.445758733832456	0.0003647372777076499
13.492494243816754	0.0003634738861609815
13.539392199664952	0.00036221486242464084
13.586453166015374	0.00036096020062794363
13.633677709468902	0.0003597098900783205
13.68106639859584	0.0003584639065219427
13.728619803942804	0.0003572222346701823
13.776338498039506	0.00035598487609876054
13.8242230554057	0.00035475178973204527
13.872274052558074	0.00035352297800606214
13.920492068017248	0.0003522984279811458
13.968877682314652	0.00035107811090942027
14.017431477999573	0.000349862025561783
14.066154039646145	0.00034865015661906704
14.115045953860433	0.0003474424761857186
14.164107809287422	0.00034623898714669556
14.213340196618143	0.0003450396645429282
14.262743708596817	0.00034384448694335955
14.312318940027929	0.00034265346112134196
14.36206648778342	0.0003414665528582455
14.411986950809862	0.00034028375672675237
14.462080930135725	0.0003391050625510828
14.512349028878521	0.00033793044740949293
14.562791852252122	0.00033675989707844604
14.613410007574027	0.00033559341285760815
14.664204104272724	0.0003344309560573218
14.71517475389494	0.0003332725291367866
14.766322570113052	0.0003321181196684826
14.81764816873252	0.00033096770070628606
14.869152167699207	0.00032982127103506814
14.92083518710688	0.0003286788161893235
14.97269784920465	0.0003275403099067454
15.02474077840452	0.0003264057549514394
15.076964601288816	0.00032527512764465443
15.129369946617782	0.00032414840797910874
15.181957445337131	0.0003230256021856577
15.234727730585698	0.00032190667803100103
15.287681437702968	0.00032079163049915577
15.340819204236778	0.00031968044990737294
15.394141669951033	0.00031857311459282427
15.447649476833318	0.0003174696113250918
15.501343269102689	0.00031636994115391613
15.5552236932174	0.0003152740676373485
15.609291397882748	0.00031418199325619476
15.663547034058784	0.00031309370605090206
15.71799125496822	0.00031200918079273227
15.772624716104266	0.00031092841627374055
15.827448075238568	0.0003098513988345136
15.882461992429052	0.00030877810374995134
15.937667130027904	0.0003077085336680122
15.993064152689602	0.00030664266612531
16.048653727378817	0.0003055804824454718
16.10443652337851	0.00030452198835640646
16.160413212297954	0.00030346715349527414
16.21658446808089	0.0003024159732280066
16.272950967013536	0.0003013684383413825
16.32951338773281	0.0003003245283626016
16.386272411234444	0.0002992842309872263
16.44322872088127	0.0002982475470394248
16.50038300241134	0.0002972144421939256
16.557735943946245	0.0002961849189427762
16.615288235999373	0.0002951589657816323
16.67304057148429	0.0002941365590905092
16.730993645722975	0.00029311769767152566
16.789148156454242	0.00029210236862672303
16.847504803842202	0.0002910905486781761
16.906064290484576	0.00029008224036152706
16.964827321421243	0.0002890774223673129
17.023794604142665	0.00028807607726318333
17.082966848598502	0.000287078210311281
17.142344767206044	0.00028608379291021504
17.201929074858846	0.0002850928207807123
17.261720488935328	0.00028410528515704554
17.32171972930745	0.0002831211666910184
17.381927518349308	0.0002821404539411099
17.442344580945846	0.0002811631475285709
17.502971644501674	0.00028018921512171306
17.563809438949686	0.0002792186592142782
17.62485869675995	0.0002782514687438443
17.686120152948465	0.00027728762159792274
17.747594545086102	0.00027632711659136735
17.809282613307353	0.0002753699415448315
17.87118510031934	0.00027441607454301817
17.933302751410714	0.00027346551801339956
17.995636314460683	0.0002725182517417692
18.058186539947926	0.0002715742594581814
18.120954180959675	0.0002706335459937906
18.183939993200845	0.0002696960844063407
18.247144735003015	0.00026876187074569594
18.310569167333625	0.00026783089667234926
18.37421405380512	0.0002669031439011097
18.438080160684194	0.0002659786017948877
18.502168256900937	0.00026505727079204777
18.56647911405813	0.00026413912043885956
18.631013506440517	0.0002632241532222387
18.69577221102421	0.00026231235850879785
18.76075600748591	0.00026140371559781517
18.825965678212366	0.00026049822331961954
18.891402008309846	0.0002595958701732427
18.95706578561348	0.0002586966355261113
19.022957800696812	0.00025780052170133397
19.089078846881293	0.0002569075095244809
19.15542972024589	0.00025601758381196794
19.222011219636585	0.00025513074899561104
19.28882414667604	0.0002542469796960981
19.355869305773215	0.0002533662722687394
19.423147504133162	0.00025248861877999224
19.490659551766576	0.0002516140019489969
19.55840626149965	0.0002507424118885792
19.626388448983892	0.0002498738488729815
19.69460693270584	0.0002490082842171864
19.763062533996997	0.00024814572039353363
19.831756077043668	0.0002472861471849459
19.90068838889697	0.0002464295452131619
19.969860299482683	0.00024557591332562676
20.039272641611294	0.0002447252406620618
20.108926250988002	0.0002438775077974423
20.17882196622286	0.00024303271695438368
20.248960628840745	0.00024219084994501228
20.31934308329156	0.0002413518926011152
20.38997017696044	0.00024051584898489666
20.460842760177858	0.0002396826951891752
20.53196168622993	0.0002388524278522309
20.603327811368654	0.00023802503942753323
20.674941994822287	0.00023720051358327288
20.74680509880559	0.00023637884113074557
20.818917988530274	0.00023556002219748292
20.89128153221537	0.00023474402976428544
20.96389660109779	0.00023393086628232775
21.03676406944267	0.00023312052193759592
21.10988481455398	0.00023231297859066917
21.183259716785063	0.0002315082351079656
21.256889659549298	0.0002307062812339298
21.33077552933062	0.00022990709868005342
21.404918215694245	0.00022911068957247145
21.479318611297472	0.00022831703665951181
21.553977611900265	0.00022752612672145343
21.628896116376154	0.0002267379634786282
21.704075026722986	0.00022595252441044621
21.779515248073906	0.0002251698064175634
21.85521768870809	0.00022438980232170985
21.931183260061797	0.00022361249668802804
22.007412876739266	0.00022283788097867552
22.08390745652385	0.00022206595519004321
22.160667920388914	0.00022129669387162187
22.237695192508983	0.00022053009944784035
22.314990200270966	0.0002197661624947826
22.392553874285145	0.00021900486603332512
22.470387148396505	0.00021824620895007055
22.54849095969591	0.00021749018156057707
22.6268662485315	0.0002167367666461725
22.705513958519838	0.00021598596623977978
22.7844350365574	0.0002152377639783253
22.86363043283191	0.00021449214752824685
22.943101100833875	0.00021374912029357618
23.02284799736793	0.00021300866105943388
23.102872082564417	0.00021227076696991415
23.183174319891037	0.00021153543119721945
23.263755676164276	0.0002108026391541057
23.344617121561175	0.0002100723829087077
23.425759629630935	0.00020934466234088896
23.507184177306744	0.00020861945347756724
23.588891744917408	0.0002078967587108969
23.670883316199223	0.00020717656899456741
23.753159878307795	0.0002064588684360697
23.835722421830013	0.0002057436559434064
23.91857194079583	0.0002050309223709323
24.00170943269029	0.00020432065150728705
24.085135898465644	0.00020361284529675142
24.16885234255322	0.00020290748821583535
24.252859772875635	0.00020220456876210132
24.33715920085887	0.0002015040900460863
24.42175164144456	0.00020080603208268114
24.50663811310204	0.00020011039224115772
24.591819637840732	0.00019941716402755002
24.67729724122239	0.00019872633365543171
24.76307195237355	0.00019803789375731084
24.84914480399776	0.00019735184410936096
24.935516832388092	0.00019666816213009979
25.022189077439716	0.00019598685017486187
25.109162582662233	0.00019530789956227748
25.196438395192366	0.0001946312954172097
25.28401756580651	0.00019395703667020634
25.37190114893348	0.00019328511468419713
25.460090202667054	0.00019261551419564416
25.54858578877882	0.00019194823706412457
25.6373889727309	0.00019128326856127903
25.72650082368889	0.00019062059796242238
25.815922414534576	0.0001899602281059556
25.90565482187892	0.0001893021401651804
25.995699126075102	0.00018864633171776266
26.086056411231386	0.00018799279658739302
26.17672776522426	0.00018734152174407678
26.26771427971148	0.0001866925003459827
26.35901705014534	0.00018604573207753414
26.450637175785676	0.00018540119566749273
26.54257575971322	0.00018475889343061007
26.634833908842833	0.0001841188170379709
26.727412733936927	0.00018348095256710633
26.820313349618683	0.00018284529897156544
26.913536874385578	0.00018221184809435098
27.007084430622793	0.00018158058556413866
27.100957144616853	0.00018095151315864215
27.19515614656899	0.00018032461690399337
27.28968257060887	0.00017969988680171782
27.3845375548083	0.00017907732543871892
27.479722241194782	0.00017845691507896734
27.575237775765366	0.00017783865349307106
27.671085308500395	0.0001772225348069118
27.76726599337746	0.0001766085467051886
27.86378098838513	0.0001759966828350527
27.960631455536998	0.00017538694280020114
28.05781856088562	0.00017477930656331978
28.155343474536675	0.00017417377639498637
28.25320737066286	0.00017357034430634776
28.351411427518144	0.00017296899726703825
28.449956827452002	0.00017236973425404959
28.54884475692352	0.00017177254756338702
28.648076406515752	0.00017117742366320004
28.747652970950035	0.00017058436425245043
28.84757564910046	0.00016999335607318223
28.947845644008144	0.00016940438980451804
29.048464162895833	0.0001688174678010707
29.149432417182382	0.00016823257335392956
29.250751622497436	0.0001676497044119762
29.352422998695914	0.00016706885538836412
29.454447769872772	0.00016649001464308832
29.556827164377832	0.00016591317627822957
29.65956241483039	0.00016533833982659298
29.762654758134182	0.0001647654864125797
29.866105435492212	0.0001641946182598281
29.96991569242181	0.0001636257277074236
30.074086778769466	0.00016305880255992487
30.178619948725967	0.00016249384181817774
30.283516460841472	0.0001619308382055844
30.388777578040763	0.00016136977898029216
30.494404567638274	0.0001608106657650182
30.600398701353438	0.00016025348598125907
30.706761255326096	0.00015969823094035012
30.813493510131675	0.00015914490278225526
30.920596750796726	0.00015859348576504812
31.028072266814334	0.00015804397800244784
31.13592135215977	0.0001574963741807345
31.24414530530588	0.00015695066329751145
31.352745429238848	0.0001564068398781476
31.461723031473817	0.00015586490339344493
31.571079424070753	0.0001553248360616546
31.680815923650066	0.00015478664005668665
31.79093385140854	0.00015425030803385822
31.901434533135347	0.0001537158285791469
32.01231929922782	0.00015318320071732168
32.12358948470757	0.00015265241757481557
32.235246429236554	0.00015212346715325187
32.34729147713327	0.00015159635100172014
32.45972597738878	0.00015107105718604376
32.57255128368307	0.00015054757760748642
32.68576875440131	0.0001500259142076654
32.7993797526503	0.00014950605215508392
32.91338564627471	0.0001489879897153851
33.027787807873636	0.00014847172183460889
33.14258761481724	0.00014795723811244103
33.2577864492631	0.0001474445334677732
33.37338569817303	0.00014693360731734016
33.48938675332968	0.0001464244429093424
33.605791011353446	0.00014591704236576966
33.72259987371905	0.00014541139864627297
33.83981474677259	0.00014490750106818946
33.95743704174838	0.0001444053486801549
34.07546817478608	0.00014390493498868078
34.193909566947546	0.00014340624869467485
34.312762644234084	0.00014290929127617108
34.43202883760352	0.00014241405141017212
34.551709582987584	0.00014192052154801102
34.67180632130903	0.00014142870344791434
34.792320498499	0.00014093858313561172
34.91325356551463	0.00014045015901676468
35.03460697835624	0.00013996342628399018
35.15638219808504	0.00013947837510558354
35.278580690840656	0.0001389950007665577
35.40120392785888	0.00013851330263555664
35.52425338548923	0.000138033264931431
35.64773054521282	0.0001375548897220584
35.771636893660144	0.0001370781702599778
35.89597392262912	0.00013660309654671158
36.020743129102826	0.00013612966765437888
36.14594601526763	0.0001356578774480182
36.27158408853142	0.0001351877152861971
36.39765886154147	0.0001347191825782569
36.52417185220286	0.00013425226858057576
36.65112458369664	0.00013378696625746176
36.77851858449833	0.00013332327719766572
36.906355388396086	0.0001328611882335809
37.03463653450935	0.00013240069789986138
37.163363567307265	0.00013194180162331046
37.29253803662745	0.00013148449010887256
37.422161497694404	0.0001310287589930582
37.552235511138385	0.00013057460756856902
37.68276164301427	0.0001301220210023387
37.813741464820204	0.0001296710012950456
37.94517655351669	0.00012922154198067123
38.077068491545454	0.0001287736337008542
38.20941886684869	0.00012832727555081239
38.34222927288792	0.00012788246173327746
38.47550130866336	0.0001274391822254322
38.60923657873308	0.00012699743837008766
38.743436693232475	0.0001265572199728645
38.87810326789341	0.00012611852047599386
39.013237924063816	0.0001256813413116771
39.1488422887273	0.00012524567007139435
39.28491799452253	0.00012481150540835656
39.42146667976299	0.00012437884297144972
39.558489988456714	0.00012394767397222914
39.695989570326155	0.00012351799437293834
39.83396708082785	0.0001230898034000697
39.9724241811725	0.0001226630871108451
40.111362538344906	0.00012223784743874762
40.25078382512418	0.00012181407818814862
40.39068972010366	0.00012139177059908066
40.531081907711204	0.00012097092378945574
40.671962078229654	0.00012055153228010476
40.81333192781689	0.00012013358662979046
40.95519315852643	0.0001197170881167402
41.09754747832784	0.00011930202706720322
41.24039660112748	0.0001188883973686002
41.38374224678886	0.00011847620030819696
41.52758614115355	0.00011806542419176062
41.67193001606182	0.0001176560677812756
41.81677560937372	0.000117248126936227
41.962124664989716	0.0001168415933459576
42.10797893287181	0.00011643646327454761
42.25434016906476	0.00011603273589106432
42.401210135716944	0.00011563039808849786
42.54859060110175	0.00011522945173425534
42.69648333963881	0.00011482989088896713
42.844890131915484	0.0001144317073553936
42.993812764708075	0.00011403490027215035
43.1432530310035	0.00011363946445969961
43.29321273002083	0.00011324539102342332
43.44369366723303	0.00011285268117889561
43.59469765438854	0.00011246132574540414
43.746226509533166	0.00011207131902503337
43.89828205703212	0.00011168266217084248
44.05086612759168	0.00011129534416049235
44.20398055828147	0.00011090936385542358
44.35762719255645	0.00011052471731477938
44.51180788027927	0.00011014139667851987
44.66652447774235	0.00010975939848985173
44.82177884769031	0.00010937872186844571
44.97757285934238	0.00010899935449167726
45.13390838841506	0.00010862129816432536
45.29078731714443	0.00010824454718270212
45.44821153430899	0.00010786909388543168
45.60618293525232	0.00010749493742780346
45.764703421906084	0.00010712207291216323
45.92377490281264	0.00010675049195742244
46.083399293148155	0.00010638019571836454
46.24357851474582	0.00010601117548115737
46.40431449611871	0.00010564342593360255
46.56560917248315	0.0001052769481045466
46.72746448578197	0.00010491173160424721
46.889882384708066	0.00010454777538258676
47.052864824727536	0.00010418507568998296
47.21641376810346	0.00010382362509044941
47.38053118391941	0.00010346342038587892
47.54521904810335	0.00010310446065176739
47.71047934345114	0.00010274673430309912
47.876314059650554	0.00010239024308130492
48.042725193305365	0.0001020349815093521
48.20971474795913	0.00010168094242571284
48.377284734119456	0.00010132812500177898
48.54543716928215	0.00010097652460511029
48.71417407795569	0.00010062613333692811
48.8834974916853	0.00010027695229269513
49.0534094490776	9.992897320055661e-05
49.22391199582508	9.958219110707969e-05
49.39500718473089	9.923660692584068e-05
49.56669707573331	9.889221086768905e-05
49.738983735930624	9.854900194508024e-05
49.91186923960625	9.82069766072415e-05
50.08535566825331	9.786612781177587e-05
50.25944511059998	9.752645260112729e-05
50.43413966263449	9.718795000774386e-05
50.60944142763059	9.685060914378502e-05
50.78535251617254	9.651443168528466e-05
50.961875046180715	9.617941237301544e-05
51.139011142937065	9.584554451149117e-05
51.31676293911083	9.551282728757531e-05
51.49513257478397	9.518125631794011e-05
51.67412219747706	9.485082415671366e-05
51.85373396217527	9.45215318414865e-05
52.033970031354066	9.419337151852334e-05
52.214832575005396	9.386633856769138e-05
52.39632377066374	9.354043379564555e-05
52.57844580343254	9.321564797724821e-05
52.761200866010164	9.289198018202599e-05
52.94459115871655	9.256942704591952e-05
53.12861888951957	9.224798189756694e-05
53.31328627406183	9.192764200120855e-05
53.49859553568704	9.160840635238095e-05
53.68454890546691	9.129026471670219e-05
53.87114862222822	9.097321870494086e-05
54.0583969325794	9.065726326682504e-05
54.24629609093784	9.034239214105072e-05
54.43484835955689	9.002860452926416e-05
54.62405600855333	8.971589628205238e-05
54.81392131593439	8.94042603784304e-05
55.00444656762535	8.909369779950777e-05
55.195634057497	8.878420108691543e-05
55.38748608739346	8.847576593001525e-05
55.58000496715956	8.816839303592034e-05
55.773193014668784	8.786207370905398e-05
55.96705255585143	8.755680707087653e-05
56.16158592472218	8.725258993237897e-05
56.35679546340849	8.694941597173732e-05
56.552683522178654	8.664728265747575e-05
56.74925245947033	8.634618895374808e-05
56.94650464191857	8.604612523820533e-05
57.14444244438461	8.574709305663007e-05
57.34306824998425	8.544908755896756e-05
57.54238445011687	8.515210288826989e-05
57.74239344449381	8.485613825994279e-05
57.943097641167526	8.456118974409418e-05
58.14449945656045	8.42672507182688e-05
58.34660131549434	8.397432210827527e-05
58.54940565121909	8.368239682929682e-05
58.752914905442225	8.339147085792585e-05
58.957131528358474	8.310154480859838e-05
59.1620579786789	8.281261048249778e-05
59.367696723660764	8.252466704823955e-05
59.57405023913707	8.223771148076645e-05
59.78112100954667	8.195173778741377e-05
59.98891152796377	8.166674362442977e-05
60.19742429612819	8.138272792949557e-05
60.40666182447539	8.109968165339946e-05
60.61662663216693	8.081760627716216e-05
60.8273212471204	8.053649714226506e-05
61.03874820604009	8.025634876818878e-05
61.25091005444769	7.997716038305518e-05
61.463809346712544	7.969892826276682e-05
61.677448646082716	7.942164615835532e-05
61.89183052471565	7.914531494156571e-05
62.10695756370945	7.886992788040061e-05
62.322832353133535	7.859548121760254e-05
62.53945749206011	7.832197548124774e-05
62.756835588595294	7.804940293847632e-05
62.97496925991083	7.777776280038174e-05
63.193861132275146	7.750705219525128e-05
63.41351384108521	7.723726544029753e-05
63.633930030898455	7.69684003640842e-05
63.8551123554642	7.670045588206611e-05
64.07706347775589	7.643342348142418e-05
64.29978607000298	7.616730457886252e-05
64.52328281372347	7.59020946989618e-05
64.74755639975568	7.563778871121466e-05
64.97260952829097	7.537438585548648e-05
65.19844490890611	7.511188260043977e-05
65.42506526059618	7.485027304704982e-05
65.65247331180687	7.4589558013991e-05
65.88067180046757	7.432973110243132e-05
66.1096634740245	7.407078880159326e-05
66.33945108947343	7.381273155895009e-05
66.57003741339308	7.355555207839423e-05
66.80142522197835	7.329924960925945e-05
67.033617301074	7.304382142318574e-05
67.26661644620779	7.278926212877126e-05
67.50042546262435	7.253556971263561e-05
67.7350471653189	7.228274307176423e-05
67.97048437907138	7.203077419524211e-05
68.20673993848007	7.177966443580784e-05
68.44381668799583	7.152940949302452e-05
68.68171748195672	7.128000456173444e-05
68.92044518462181	7.103144889248844e-05
69.16000267020597	7.078373913433524e-05
69.40039282291438	7.053686971606909e-05
69.64161853697753	7.029084140440528e-05
69.8836827166856	7.004564811479791e-05
70.1265882764237	6.980128656468078e-05
70.37033814070693	6.955775712625678e-05
70.61493524421573	6.93150529127556e-05
70.86038253183085	6.907317320762689e-05
71.10668295866907	6.883211541654607e-05
71.3538394901189	6.859187442209275e-05
71.6018551018759	6.835244835563873e-05
71.8507327799788	6.811383609900282e-05
72.10047552084528	6.787603011080461e-05
72.3510863313084	6.763903168050057e-05
72.60256822865223	6.74028366745624e-05
72.85492424064864	6.716744059023348e-05
73.10815740559349	6.69328426877808e-05
73.3622707723435	6.669903978510261e-05
73.61726740035265	6.64660266178289e-05
73.8731503597091	6.623380390198223e-05
74.12992273117219	6.600236584955647e-05
74.38758760620973	6.577170938907868e-05
74.64614808703483	6.554183482248233e-05
74.90560728664339	6.531273564661761e-05
75.1659683288519	6.508441117541011e-05
75.42723434833457	6.485685893970273e-05
75.6894084906613	6.463007407973473e-05
75.95249391233548	6.44040548593954e-05
76.21649378083235	6.41788001484401e-05
76.48141127463651	6.395430284452545e-05
76.74724958328063	6.373056417479969e-05
77.01401190738368	6.350758016505779e-05
77.28170145868968	6.328534659348896e-05
77.55032146010603	6.306386272923484e-05
77.81987514574251	6.284312554833176e-05
78.09036576095036	6.262313007370517e-05
78.36179656236101	6.240387697206579e-05
78.63417081792554	6.218536073510684e-05
78.90749180695384	6.196757848678568e-05
79.1817628201545	6.17505304636229e-05
79.45698715967386	6.153421052185484e-05
79.73316813913613	6.131861800276378e-05
80.01030908368311	6.110375055430482e-05
80.28841333001459	6.0889603559004105e-05
80.56748422642795	6.067617540208061e-05
80.84752513285879	6.046346494424858e-05
81.12853942092163	6.025146549377885e-05
81.41053047394993	6.004017821677026e-05
81.69350168703728	5.982959929112476e-05
81.97745646707797	5.961972475624909e-05
82.26239823280848	5.941055388962511e-05
82.54833041484801	5.920208381546811e-05
82.83525645574021	5.899430982587486e-05
83.12317980999443	5.878723253992336e-05
