	A
0	3.6379661489340594e-06
1	3.883996151463316e-06
2	4.144701951673457e-06
3	4.420803543528268e-06
4	4.713086216116985e-06
5	5.022355672919563e-06
6	5.349430521420224e-06
7	5.695184257967915e-06
8	6.060528989265585e-06
9	6.446359920726748e-06
10	6.853677588956715e-06
11	7.283472506768366e-06
12	7.73676730569979e-06
13	8.214655318831676e-06
14	8.718245479351612e-06
15	9.248660507250445e-06
16	9.807127641563949e-06
17	1.0394839577373311e-05
18	1.1013059026185764e-05
19	1.1663132949232911e-05
20	1.2346361956458473e-05
21	1.3064165405335052e-05
22	1.381798309605314e-05
23	1.460925955008625e-05
24	1.543953235314697e-05
25	1.6310393066217996e-05
26	1.722337636343172e-05
27	1.818020805836423e-05
28	1.918256556120802e-05
29	2.023216800538144e-05
30	2.133084838295219e-05
31	2.248044325808392e-05
32	2.368279007162038e-05
33	2.4939902719456457e-05
34	2.6253698072691124e-05
35	2.7626202262157993e-05
36	2.9059570358889334e-05
37	3.0555840397360116e-05
38	3.211724481341456e-05
39	3.3746021965265644e-05
40	3.544438780959732e-05
41	3.7214700753399196e-05
42	3.9059381398848064e-05
43	4.0980717669797915e-05
44	4.298131078547566e-05
45	4.5063636393881845e-05
46	4.723021531095772e-05
47	4.948373345151658e-05
48	5.182684713227031e-05
49	5.426218044917343e-05
50	5.679262817729516e-05
51	5.942087867802188e-05
52	6.214977631057996e-05
53	6.498234339267779e-05
54	6.79213682834154e-05
55	7.096992984432418e-05
56	7.4131076457248e-05
57	7.740778117220491e-05
58	8.080321730355645e-05
59	8.432061405906384e-05
60	8.796295107270557e-05
61	9.173367696477995e-05
62	9.563599082576608e-05
63	9.967313157856103e-05
64	0.00010384855696137565
65	0.00010816563628398568
66	0.00011262765000833737
67	0.0001172382603115768
68	0.0001220007639100151
69	0.00012691866483402145
70	0.00013199569173235224
71	0.00013723517742356936
72	0.00014264085531799287
73	0.0001482163679862503
74	0.00015396520374278677
75	0.00015989111317926683
76	0.0001659978776792036
77	0.00017228887777708308
78	0.0001787681405985891
79	0.00018543927736245676
80	0.00019230592609467548
81	0.00019937199331974539
82	0.00020664121588852096
83	0.0002141171658412328
84	0.00022180391443431827
85	0.00022970497123488213
86	0.00023782410566261346
87	0.0002461653495723391
88	0.00025473214863680054
89	0.00026352846230409357
90	0.00027255808071623605
91	0.00028182454370398886
92	0.00029133171438912986
93	0.00030108344415242816
94	0.00031108301797583916
95	0.00032133454690633624
96	0.0003318415365841507
97	0.0003426075035713727
98	0.0003536362725804496
99	0.0003649314067798695
100	0.00037649622119060303
101	0.00038833463991913775
102	0.0004004498195650524
103	0.00041284522642179723
104	0.00042552461338773556
105	0.00043849095802887654
106	0.00045174785387327277
107	0.0004652986417234805
108	0.0004791463153949811
109	0.0004932942459829658
110	0.0005077457400796268
111	0.0005225033873027924
112	0.0005375707591403534
113	0.0005529506399939243
114	0.0005686458129345307
115	0.0005846593941593402
116	0.000600994153253525
117	0.0006176525374881129
118	0.0006346376897083686
119	0.0006519518063432222
120	0.0006695974357379756
121	0.00068757742082152
122	0.0007058936766608016
123	0.0007245488103244831
124	0.00074354510450007
125	0.000762884417085786
126	0.0007825690235036412
127	0.0008026010825207709
128	0.0008229819305597914
129	0.000843713991958501
130	0.0008647987647583262
131	0.0008862377422287251
132	0.0009080327580578869
133	0.0009301852388852748
134	0.0009526962400724967
135	0.000975567561047824
136	0.0009987999384392474
137	0.0010223944894173949
138	0.0010463526170762542
139	0.0010706747120724641
140	0.0010953618934939628
141	0.0011204149113770432
142	0.0011458340487565564
143	0.0011716200258784564
144	0.0011977734058824453
145	0.00122429389203884
146	0.0012511823107940797
147	0.0012784384946162356
148	0.0013060622781652588
149	0.0013340538248126236
150	0.0013624128681029555
151	0.001391138757369772
152	0.0014202315859239431
153	0.001449690355753752
154	0.001479514458177335
155	0.0015097035463263163
156	0.001540256263282297
157	0.0015711719683526547
158	0.001602449643632553
159	0.0016340878070509278
160	0.0016660854071843876
161	0.0016984412150190783
162	0.0017311531813576028
163	0.001764220333336033
164	0.0017976407242636017
165	0.0018314124244857373
166	0.0018655338027695888
167	0.0019000028179868833
168	0.0019348170709688774
169	0.0019699748535500325
170	0.002005473434882358
171	0.002041310457368329
172	0.0020774837880704784
173	0.002113990376081141
174	0.0021508278232764064
175	0.0021879933845519637
176	0.0022254838989411653
177	0.002263296600181472
178	0.0023014285476249284
179	0.0023398760922375126
180	0.0023786365328535746
181	0.0024177063034285765
182	0.002457081871957637
183	0.0024967599582381675
184	0.002536736931480258
185	0.0025770088635510605
186	0.002617572414404969
187	0.00265842337954616
188	0.0026995578845287957
189	0.0027409722326916515
190	0.0027826619785079596
191	0.0028246232190062906
192	0.0028668517676129364
193	0.002909343108014206
194	0.002952093053814638
195	0.0029950972701510035
196	0.0030383508807726133
197	0.0030818497594799718
198	0.0031255890992755017
199	0.003169564139976573
200	0.0032137703141161948
201	0.003258202792505158
202	0.0033028565337334488
203	0.0033477269412468596
204	0.00339280878079372
205	0.0034380970793418154
206	0.003483586989004159
207	0.003529273135563382
208	0.0035751505409775896
209	0.0036212140299712583
210	0.003667458208538811
211	0.0037138779234484696
212	0.0037604679169931815
213	0.003807222588488382
214	0.003854136841948706
215	0.0039012051350311877
216	0.003948421976346113
217	0.003995782000578694
218	0.004043279685890881
219	0.0040909093951570575
220	0.004138665766989016
221	0.004186543068756265
222	0.00423453573982244
223	0.004282638290539098
224	0.004330844952395629
225	0.004379150185295365
226	0.004427548349049118
227	0.00447603370585178
228	0.004524600652738685
229	0.004573243537930371
230	0.004621956571452989
231	0.0046707342008919794
232	0.0047195706841892966
233	0.004768460323146438
234	0.004817397477173232
235	0.004866376456972908
236	0.004915391554689018
237	0.004964437159657979
238	0.005013507565706279
239	0.005062597137111148
240	0.005111700257575525
241	0.005160811276603206
242	0.005209924599265552
243	0.005259034626750209
244	0.005308135779865989
245	0.00535722250191621
246	0.00540628924653152
247	0.005455330519307401
248	0.005504340800107238
249	0.005553314631014463
250	0.005602246579799642
251	0.005651131206864388
252	0.005699963123735662
253	0.005748737008593637
254	0.005797447465959648
255	0.00584608926248816
256	0.005894657130881797
257	0.005943145777846136
258	0.005991550094876888
259	0.006039864866448074
260	0.006088084958986996
261	0.006136205360981021
262	0.006184220974935996
263	0.00623212676949418
264	0.006279917925192799
265	0.00632758935962918
266	0.006375136277210797
267	0.006422553881244988
268	0.006469837310813017
269	0.006516981840044868
270	0.006563982876389117
271	0.006610835604411414
272	0.006657535589606246
273	0.0067040782655627944
274	0.006750459003190238
275	0.006796673535700522
276	0.006842717349415099
277	0.006888586081738006
278	0.006934275572749545
279	0.006979781480748784
280	0.007025099577821274
281	0.007070225968356982
282	0.0071151562992362045
283	0.007159886685698723
284	0.007204413210399399
285	0.0072487318464628985
286	0.007292838765189097
287	0.007336730316607858
288	0.007380402509738988
289	0.007423851901566533
290	0.0074670748335431665
291	0.007510067557970321
292	0.00755282681714834
293	0.007595348997860709
294	0.007637630687208764
295	0.007679668730525596
296	0.007721459714866404
297	0.007763000377509041
298	0.0078042878657893005
299	0.007845318727493089
300	0.007886090108589962
301	0.007926599090656489
302	0.007966842613897159
303	0.008006817857340818
304	0.00804652220318215
305	0.008085952610673436
306	0.008125106696862597
307	0.008163981799578696
308	0.00820257515160835
309	0.008240884551870923
310	0.008278907370720831
311	0.008316641207670105
312	0.008354083950886519
313	0.008391233177076329
314	0.00842808663697091
315	0.008464642528241039
316	0.008500898362980921
317	0.00853685232724502
318	0.008572502514589924
319	0.008607846859238667
320	0.00864288355325037
321	0.008677610997683773
322	0.008712027125970839
323	0.008746130582727649
324	0.008779919692687007
325	0.008813392669613918
326	0.008846548321307454
327	0.008879384990063046
328	0.00891190125726149
329	0.008944096000450931
330	0.008975967757269724
331	0.009007515250458625
332	0.009038737650867807
333	0.009069633411851156
334	0.00910020168517936
335	0.00913044150883319
336	0.009160351756554518
337	0.009189931559845366
338	0.009219180249998276
339	0.009248096681017726
340	0.009276680420338568
341	0.00930493069854443
342	0.009332846637944186
343	0.009360427941246212
344	0.00938767384229922
345	0.009414583807809645
346	0.009441157588857118
347	0.009467394592097514
348	0.0094932944085245
349	0.009518857049690212
350	0.009544081826091377
351	0.009568968725825255
352	0.009593517610791419
353	0.009617728185027685
354	0.009641600394686914
355	0.00966513436542272
356	0.009688329766454278
357	0.009711186939636735
358	0.009733705895387324
359	0.00975588654537597
360	0.009777729334940083
361	0.009799234266172744
362	0.009820401554999109
363	0.009841231674870091
364	0.009861724771727993
365	0.009881881164785
366	0.009901701544696618
367	0.00992118595937474
368	0.009940335073746495
369	0.009959149425615873
370	0.009977629409865883
371	0.009995775636113313
372	0.010013588865950086
373	0.010031069450057196
374	0.010048218337319817
375	0.010065036170265806
376	0.01008152350702107
377	0.01009768136848866
378	0.010113510381130557
379	0.010129011356875998
380	0.010144185327582824
381	0.010159033032372103
382	0.010173555364123588
383	0.010187753524386415
384	0.010201628160395442
385	0.01021518044854367
386	0.010228411446099388
387	0.010241322089035013
388	0.010253913492653068
389	0.01026618689285146
390	0.0102781431784674
391	0.010289783738016466
392	0.010301109694834647
393	0.01031212210503613
394	0.01032282240095298
395	0.01033321168630239
396	0.010343291215794732
397	0.010353062419690855
398	0.010362526484048947
399	0.010371684722690818
400	0.010380538688159581
401	0.010389089487673989
402	0.010397338651457063
403	0.010405287606439686
404	0.010412937684205918
405	0.010420290355557896
406	0.010427347179394541
407	0.010434109443556447
408	0.010440578821870446
409	0.010446756776106524
410	0.010452644719367639
411	0.010458244346007443
412	0.01046355709870063
413	0.010468584533355533
414	0.01047332833367373
415	0.010477789997280615
416	0.010481971119007553
417	0.010485873460568326
418	0.010489498459185868
419	0.010492847858638476
420	0.010495923321623864
421	0.010498726443618496
422	0.010501258917267515
423	0.010503522491762713
424	0.010505518727815346
425	0.0105072494509865
426	0.01050871633589772
427	0.010509921027041947
428	0.010510865352875409
429	0.010511550972912086
430	0.010511979621146625
431	0.010512153110976466
432	0.010512073133572978
433	0.010511741443908275
434	0.010511159894163576
435	0.01051033013723605
436	0.010509254012581149
437	0.010507933305519914
438	0.010506369762658205
439	0.010504565185964227
440	0.010502521404785739
441	0.01050024014442348
442	0.01049772327277747
443	0.010494972572308586
444	0.010491989812782654
445	0.01048877685306163
446	0.010485335467111554
447	0.01048166746541335
448	0.010477774690934267
449	0.010473658930560502
450	0.01046932200025491
451	0.01046476574853674
452	0.01045999194820713
453	0.010455002440442162
454	0.010449799042334952
455	0.010444383559728838
456	0.010438757813889653
457	0.010432923627568952
458	0.010426882801989319
459	0.01042063716253295
460	0.010414188515891144
461	0.010407538671636614
462	0.010400689439418373
463	0.0103936426257925
464	0.010386400037940557
465	0.010378963471585975
466	0.010371334731993875
467	0.010363515618717142
468	0.010355507906070567
469	0.010347313410020596
470	0.010338933902559265
471	0.010330371163248454
472	0.010321626985790032
473	0.010312703142351212
474	0.010303601384424836
475	0.010294323519757589
476	0.010284871269201938
477	0.01027524640036807
478	0.010265450697004469
479	0.010255485862043856
480	0.010245353672237306
481	0.010235055872016716
482	0.010224594154369802
483	0.01021397028472416
484	0.01020318598894078
485	0.010192242917702626
486	0.010181142871308604
487	0.010169887502386347
488	0.010158478503078676
489	0.010146917602291737
490	0.010135206474133246
491	0.010123346753726633
492	0.010111340203546962
493	0.010099188397914358
494	0.010086893020095996
495	0.010074455780200229
496	0.010061878236098418
497	0.010049162089670311
498	0.010036308981001552
499	0.010023320463267553
500	0.01001019822063942
501	0.009996943865576032
502	0.00998355889360478
503	0.009970045046399641
504	0.009956332284653379
505	0.00993553036982322
506	0.00990971477470234
507	0.009883959630809819
508	0.009858271255585369
509	0.009832649889483139
510	0.00980709493719925
511	0.009781606347448821
512	0.009756184181383952
513	0.00973082790727417
514	0.009705537612183382
515	0.009680313149500777
516	0.009655154081223182
517	0.009630060492506682
518	0.009605032210793146
519	0.00958006870577968
520	0.0095551703151813
521	0.009530336572402074
522	0.009505567294072918
523	0.009480862490605951
524	0.009456221926561972
525	0.009431645242342468
526	0.009407132668519284
527	0.00938268363230403
528	0.009358298088758443
529	0.009333976093262848
530	0.0093097171380446
531	0.009285521307128789
532	0.009261388459755741
533	0.009237318175549472
534	0.009213310539715842
535	0.009189365381960338
536	0.009165482198417297
537	0.009141661312818948
538	0.009117902275108095
539	0.00909420491358514
540	0.009070569237079712
541	0.009046995018499883
542	0.009023481915891684
543	0.00900003015035004
544	0.008976639170766784
545	0.008953308938098741
546	0.008930039502339757
547	0.008906830378594495
548	0.00888368164795183
549	0.008860593175270834
550	0.008837564557097
551	0.00881459587852224
552	0.008791686971642423
553	0.008768837357735572
554	0.00874604734712776
555	0.0087233165057427
556	0.008700644672884112
557	0.008678031855917007
558	0.008655477835814534
559	0.008632982287413632
560	0.008610545422720385
561	0.008588166711504395
562	0.008565846120190573
563	0.00854358369374844
564	0.008521378969131643
565	0.008499232024590225
566	0.008477142730377158
567	0.008455110699284028
568	0.008433136016137896
569	0.008411218515539111
570	0.008389357742673385
571	0.008367553995017134
572	0.008345806853934283
573	0.008324116169101236
574	0.008302481946527464
575	0.008280903974979787
576	0.008259381945272726
577	0.008237916060696132
578	0.00821650581112214
579	0.008195151168044227
580	0.008173852171748111
581	0.008152608380055005
582	0.008131419868466626
583	0.008110286512419693
584	0.008089207940299761
585	0.008068184236532557
586	0.008047215238320596
587	0.008026300513585126
588	0.008005440347483803
589	0.007984634336297024
590	0.00796388233947668
591	0.00794318436178136
592	0.007922540199506351
593	0.007901949558669269
594	0.007881412634202428
595	0.007860928935333154
596	0.007840498438247035
597	0.007820121178868078
598	0.007799796734944863
599	0.007779525179324105
600	0.007759306392419351
601	0.007739140017585323
602	0.007719026138723043
603	0.007698964595721025
604	0.0076789549781210295
605	0.007658997559269571
606	0.00763909194985757
607	0.007619238018547781
608	0.007599435768944872
609	0.007579685004615832
610	0.007559985446046059
611	0.0075403372801520615
612	0.007520740034796458
613	0.007501193690504306
614	0.007481698279139888
615	0.007462253397483019
616	0.00744285911581347
617	0.0074235153193239044
618	0.007404221665738114
619	0.007384978238321454
620	0.007365784879719438
621	0.007346641200032289
622	0.007327547461284353
623	0.007308503288085432
624	0.007289508557775332
625	0.007270563272895172
626	0.007251667244037241
627	0.007232820205451321
628	0.007214022336367464
629	0.007195273182590107
630	0.007176572728652491
631	0.007157921002643693
632	0.007139317619517851
633	0.007120762647074153
634	0.007102255975093023
635	0.007083797275095001
636	0.007065386629604103
637	0.007047023884085793
638	0.007028708668188105
639	0.007010441233080846
640	0.0069922212168172316
641	0.006974048504908757
642	0.006955923098919028
643	0.006937844816224596
644	0.006919813404172758
645	0.0069018290346213144
646	0.006883891270648727
647	0.00686600010048592
648	0.006848155548712925
649	0.006830357247641455
650	0.006812605262672045
651	0.006794899487992829
652	0.00677723960855021
653	0.006759625705481549
654	0.006742057627678103
655	0.006724535023189218
656	0.006707058132777955
657	0.006689626607480799
658	0.006672240340504388
659	0.006654899332513392
660	0.006637603407436242
661	0.00662035232508282
662	0.006603146250240537
663	0.006585984762616261
664	0.006568867853849735
665	0.006551795545261232
666	0.006534767485740062
667	0.006517783738367216
668	0.006500844201565688
669	0.006483948573481812
670	0.006467096932864652
671	0.0064502891329911985
672	0.0064335248390914234
673	0.006416804281951258
674	0.006400127125145522
675	0.006383493269123187
676	0.006366902713725072
677	0.006350355289208004
678	0.006333850767562608
679	0.006317389305819663
680	0.00630097050067108
681	0.00628459434656551
682	0.00626826086180156
683	0.00625196971109775
684	0.006235720955296334
685	0.006219514496883658
686	0.00620335004665614
687	0.006187227681027377
688	0.006171147257566872
689	0.006155108457851858
690	0.006139111503109625
691	0.006123156069017303
692	0.00610724206284119
693	0.006091369483668722
694	0.006075538167865847
695	0.006059747899047512
696	0.006043998826709288
697	0.006028290563986614
698	0.006012623107861622
699	0.0059969964738343
700	0.0059814103417378155
701	0.005965864770253558
702	0.005950359665767354
703	0.005934894751199458
704	0.00591947010067983
705	0.00590408557597322
706	0.005888740874220097
707	0.005873436207479887
708	0.005858171263117185
709	0.0058429459548110145
710	0.005827760280962469
711	0.005812614083832621
712	0.005797507158085274
713	0.005782439646035708
714	0.005767411176598159
715	0.005752421749076552
716	0.005737471376380875
717	0.005722559752780446
718	0.005707686934866173
719	0.0056928528327717005
720	0.005678057181029626
721	0.005663300051543935
722	0.005648581310176844
723	0.005633900668882506
724	0.005619258330929042
725	0.005604653994968323
726	0.005590087580707302
727	0.005575559085922434
728	0.005561068358568433
729	0.005546615203803653
730	0.005532199757107998
731	0.005517821662529749
732	0.00550348092150243
733	0.005489177544539235
734	0.0054749112396974605
735	0.005460682061546289
736	0.0054464899238204035
737	0.00543233457217658
738	0.0054182160763490105
739	0.005404134306199575
740	0.005390088988019929
741	0.00537608031593654
742	0.005362108000210574
743	0.0053481719659805365
744	0.005334272210453543
745	0.005320408587082449
746	0.005306580910993712
747	0.005292789311160037
748	0.005279033446145861
749	0.00526531331933433
750	0.005251628939022405
751	0.0052379800264353345
752	0.005224366634191259
753	0.005210788679480009
754	0.005197245918619245
755	0.005183738419224212
756	0.005170266055063557
757	0.005156828566246152
758	0.005143426137620988
759	0.005130058491163415
760	0.005116725556944582
761	0.005103427331652865
762	0.0050901636740486025
763	0.005076871936621943
764	0.005060952638900837
765	0.005043422396677349
766	0.005025952860045095
767	0.005008543948746585
768	0.0049911952103923645
769	0.004973906626396508
770	0.00495667800026283
771	0.004939508926173584
772	0.004922399406426918
773	0.004905349187284348
774	0.004888357846751476
775	0.004871425537921505
776	0.0048545518123354085
777	0.004837736495947798
778	0.004820979498250791
779	0.004804280549678087
780	0.004787639340422109
781	0.0047710559439858155
782	0.004754529851704196
783	0.0047380609891457745
784	0.004721649278480978
785	0.0047052942938884445
786	0.004688996018354665
787	0.004672754266294983
788	0.004656568654712504
789	0.004640439186877467
790	0.004624365621468082
791	0.004608347563084138
792	0.004592385154969277
793	0.004576477973349981
794	0.0045606258562157975
795	0.004544828717465599
796	0.0045290863017062285
797	0.004513398318675313
798	0.004497764836908128
799	0.0044821853758469105
800	0.004466659867662421
801	0.004451188236935907
802	0.004435770082856889
803	0.004420405389863735
804	0.004405093982679301
805	0.004389835499842381
806	0.004374629945479311
807	0.00435947709009247
808	0.0043443765632154956
809	0.00432932849886804
810	0.004314332496604234
811	0.004299388405643844
812	0.004284496144080999
813	0.004269655469959181
814	0.004254866111337712
815	0.004240128132112351
816	0.004225441078280235
817	0.004210804888104922
818	0.004196219488554281
819	0.004181684502363928
820	0.0041671999153110525
821	0.004152765561854511
822	0.004138381100860114
823	0.004124046537198802
824	0.004109761652636934
825	0.004095526100080637
826	0.00408134000491391
827	0.004067202988735608
828	0.0040531149112414564
829	0.0040390756945215545
830	0.0040250851093565874
831	0.00401114290097876
832	0.003997249128952102
833	0.003983403364363804
834	0.003969605551092954
835	0.003955855618470832
836	0.003942153211393531
837	0.003928498316877297
838	0.003914890778575557
839	0.003901330274539423
840	0.0038878168102836614
841	0.0038743501783033763
842	0.00386093005341323
843	0.003847556552912923
844	0.003834229319233407
845	0.0038209482218402838
846	0.003807713186743129
847	0.003794523996460637
848	0.0037813804126564632
849	0.0037682824907371913
850	0.003755229825497412
851	0.0037422223659883055
852	0.003729260043875836
853	0.0037163425249139826
854	0.003703469797264684
855	0.0036906417132635374
856	0.003677857969068977
857	0.0036651185707513656
858	0.003652423321019397
859	0.0036397719152271033
860	0.003627164463102967
861	0.0036146006267661363
862	0.0036020802847927798
863	0.0035896033670133527
864	0.003577169666808058
865	0.0035647789615097197
866	0.0035524313025528673
867	0.003540126307130551
868	0.0035278639290595784
869	0.00351564410230283
870	0.0035034665122494566
871	0.0034913311481166733
872	0.0034792378704426702
873	0.003467186392473467
874	0.003455176720754675
875	0.0034432086677176734
876	0.003431281947971449
877	0.003419396664154182
878	0.0034075524969927854
879	0.0033957493335571185
880	0.0033839871073033843
881	0.0033722656219440515
882	0.003360584669466277
883	0.0033489442976073025
884	0.0033373441447211915
885	0.003325784169012431
886	0.0033142643067004033
887	0.0033027842616586136
888	0.0032913440240757296
889	0.003279943462238909
890	0.003268582305519902
891	0.0032572605608651175
892	0.0032459780499634566
893	0.0032347345054710517
894	0.0032235300233893196
895	0.003212364302028513
896	0.0032012372363785643
897	0.00319014876333578
898	0.0031790986964398923
899	0.0031680868413826273
900	0.00315711324246073
901	0.00314617755801923
902	0.0031352797502998153
903	0.0031244197577374295
904	0.003113597301603071
905	0.0031028123729823997
906	0.0030920648474799294
907	0.003081354469688018
908	0.003070681246885563
909	0.0030600450095746895
910	0.0030494455073262145
911	0.0030388828299300155
912	0.003028356692310999
913	0.003017866996844564
914	0.003007413683689509
915	0.00299699657573127
916	0.002986615491480037
917	0.002976270472027593
918	0.0029659611946081916
919	0.0029556876251739016
920	0.0029454497043320395
921	0.002935247169727893
922	0.0029250800132754854
923	0.002914948117488743
924	0.0029048512413265316
925	0.0028947893923380683
926	0.0028847624094143335
927	0.0028747700579812075
928	0.0028648124220122364
929	0.0028548892321349773
930	0.0028450003976066627
931	0.002835145861684581
932	0.002825325456138432
933	0.002815539011468001
934	0.0028057865657799795
935	0.002796067814156779
936	0.00278638272595835
937	0.002776731243917279
938	0.0027671131210935947
939	0.002757528350161915
940	0.002747976820163785
941	0.0027384583036156075
942	0.002728972808282993
943	0.002719520181040045
944	0.002710100202174104
945	0.0027007129502124166
946	0.0026913581706235657
947	0.0026820357790771753
948	0.0026727457217704184
949	0.0026634878389218213
950	0.0026542619722408753
951	0.002645068157058315
952	0.002635906105317191
953	0.002626775789508015
954	0.0026176771544393464
955	0.0026086099676811527
956	0.0025995742226072936
957	0.0025905698144261485
958	0.002581596528447307
959	0.0025726543726052576
960	0.002563743201369926
961	0.00255486280895704
962	0.002546013268797589
963	0.002537194340382749
964	0.002528405945359414
965	0.002519648032712677
966	0.0025109204506952795
967	0.0025022230514968476
968	0.0024935558678666134
969	0.0024849186276757755
970	0.002476311306288658
971	0.0024677338505387485
972	0.0024591860416541874
973	0.0024506678736528737
974	0.0024421792475658984
975	0.002433719960778829
976	0.002425290021348229
977	0.0024168892909737557
978	0.002408517576923792
979	0.002400174947859723
980	0.0023918611765233002
981	0.0023835761901316835
982	0.0023753199403143185
983	0.002367092282961532
984	0.002358893080063201
985	0.0023507223619655673
986	0.0023425798715893953
987	0.002334465586932876
988	0.0023263794568043877
989	0.0023183212752875674
990	0.0023102910369928154
991	0.002302288648450076
992	0.002294313918442706
993	0.0022863668551083415
994	0.0022784473270266313
995	0.0022705551536975096
996	0.0022626903993186813
997	0.0022548528491541714
998	0.0022470424356090955
999	0.0022392591128227485
1000	0.002231502743945486
1001	0.00222377320013034
1002	0.0022160705094869814
1003	0.0022083944291562403
1004	0.0022007449395475835
1005	0.002193121991394159
1006	0.0021855253908789124
1007	0.0021779551331566117
1008	0.0021704111299517444
1009	0.002162893200803212
1010	0.0021554013538952776
1011	0.0021479354643519502
1012	0.002140495363137086
1013	0.0021330811102696174
1014	0.002125692502847904
1015	0.0021183294781084287
1016	0.0021109919925728303
1017	0.002103679916291557
1018	0.0020963931289837176
1019	0.002089131656680326
1020	0.002081895269955286
1021	0.0020746839514264705
1022	0.0020674976536983383
1023	0.0020603361943431486
1024	0.0020531995690152363
1025	0.002046087694345586
1026	0.002039000400022854
1027	0.002031937694247351
1028	0.0020248994583673013
1029	0.002017885534090791
1030	0.002010895977525354
1031	0.0020039305969521714
1032	0.001996989334108649
1033	0.001990072147774713
1034	0.0019831789145606316
1035	0.0019763095221925187
1036	0.001969463994769053
1037	0.001962642115554193
1038	0.001955843869186861
1039	0.001949069210088436
1040	0.0019423179665534487
1041	0.0019355901346931907
1042	0.001928885635772619
1043	0.001922204309060724
1044	0.0019155461627436384
1045	0.001908911084091892
1046	0.00190229892488037
1047	0.0018957097375570478
1048	0.0018891433409703874
1049	0.0018825996810491181
1050	0.0018760787187149742
1051	0.0018695803368137494
1052	0.001863104430554938
1053	0.001856651022241171
1054	0.001850219907126076
1055	0.001843811071694018
1056	0.0018374244721318345
1057	0.0018310599468254868
1058	0.0018247174923455643
1059	0.0018183970342140463
1060	0.001812098420861309
1061	0.0018058216603932067
1062	0.0017995666457147664
1063	0.0017933332380324493
1064	0.0017871214863711222
1065	0.0017809312195639507
1066	0.0017747623874421587
1067	0.00176861495295976
1068	0.0017624888048877053
1069	0.001756383845430904
1070	0.001750300095221719
1071	0.0017442373608419024
1072	0.0017381956304591965
1073	0.0017321748619744328
1074	0.0017261749032708893
1075	0.0017201957514735614
1076	0.001714237335730506
1077	0.0017082995135118617
1078	0.0017023822926929939
1079	0.001696485571536635
1080	0.001690609220087616
1081	0.001684753284166913
1082	0.0016789176020436903
1083	0.0016731021271814506
1084	0.0016673068244624381
1085	0.00166153158828744
1086	0.0016557763274003526
1087	0.0016500410608806272
1088	0.0016443256060119998
1089	0.0016386299524981998
1090	0.0016329540599000136
1091	0.0016272977850415487
1092	0.0016216611255489971
1093	0.001616044014026106
1094	0.0016104463164439526
1095	0.0016048680404479243
1096	0.0015993090893950913
1097	0.001593769341612587
1098	0.0015882488399226221
1099	0.0015827474315119024
1100	0.001577265073252518
1101	0.0015718017317702584
1102	0.0015663573069018117
1103	0.0015609317134721763
1104	0.0015555249691192054
1105	0.0015501369012366926
1106	0.001544767500927339
1107	0.001539416729359481
1108	0.0015340844517737129
1109	0.0015287706662483538
1110	0.0015234753086804304
1111	0.001518198253035207
1112	0.0015129395067283399
1113	0.001507698977962197
1114	0.00150247655282297
1115	0.0014972722713280844
1116	0.0014920859890900442
1117	0.001486917666289988
1118	0.0014817672707994585
1119	0.0014766347080280462
1120	0.0014715198983464338
1121	0.001466422858054053
1122	0.0014613434240954408
1123	0.0014562815888459763
1124	0.0014512373150305294
1125	0.00144621047591729
1126	0.001441201069674456
1127	0.0014362090356544893
1128	0.001431234255235019
1129	0.001426276735602796
1130	0.0014213363895680523
1131	0.0014164131104854455
1132	0.0014115069357494119
1133	0.0014066177289335582
1134	0.0014017454532912123
1135	0.0013968900779059291
1136	0.0013920515134503886
1137	0.0013872296854856294
1138	0.0013824246090674527
1139	0.0013776361301639467
1140	0.0013728642423060445
1141	0.0013681089097247814
1142	0.0013633700132736225
1143	0.0013586475510996916
1144	0.001353941465932411
1145	0.0013492516460909272
1146	0.0013445780985343444
1147	0.0013399207404541172
1148	0.0013352794720150928
1149	0.0013306543281570342
1150	0.001326045179977161
1151	0.0013214519935788708
1152	0.00131687473922524
1153	0.001312313332558513
1154	0.0013077677039975539
1155	0.001303237867442709
1156	0.001298723677387711
1157	0.001294225128411059
1158	0.0012897421861997344
1159	0.0012852747387398318
1160	0.0012808227841652148
1161	0.0012763862683948688
1162	0.0012719650862829388
1163	0.001267559244563975
1164	0.0012631686645942256
1165	0.0012587932529190464
1166	0.0012544330421813516
1167	0.001250087910588381
1168	0.0012457578268871851
1169	0.0012414427624866597
1170	0.0012371426377228698
1171	0.0012328573875595372
1172	0.0012285870248252746
1173	0.0012243314120673426
1174	0.0012200905448137025
1175	0.001215864390157359
1176	0.0012116528427914153
1177	0.0012074559008432406
1178	0.0012032735132448266
1179	0.0011991055810021216
1180	0.0011949521106289433
1181	0.00119081302744033
1182	0.0011866882439586209
1183	0.001182577790679088
1184	0.0011784815525266138
1185	0.001174399500700796
1186	0.0011703316077222858
1187	0.0011662777983604245
1188	0.0011622380118309374
1189	0.0011582122599683282
1190	0.0011542004129277829
1191	0.001150202467096193
1192	0.0011462183909236993
1193	0.001142248085409474
1194	0.0011382915486818266
1195	0.0011343487325173912
1196	0.001130419543714806
1197	0.0011265039885695926
1198	0.0011226019961607452
1199	0.0011187134846091036
1200	0.0011148384824015067
1201	0.0011109768808100714
1202	0.0011071286533090566
1203	0.001103293773496996
1204	0.0010994721703298537
1205	0.0010956637870020605
1206	0.001091868634425457
1207	0.0010880865899428006
1208	0.0010843176507158506
1209	0.0010805617865048795
1210	0.00107681890423768
1211	0.0010730890020501614
1212	0.0010693720344044663
1213	0.001065667913553936
1214	0.0010619766455786704
1215	0.001058298163136176
1216	0.001054632389590961
1217	0.0010509793515514271
1218	0.0010473389462877555
1219	0.0010437111493823252
1220	0.0010400959354785828
1221	0.0010364932374860526
1222	0.0010329030023219052
1223	0.0010293252400414398
1224	0.0010257598347785204
1225	0.001022206784392091
1226	0.0010186660599064714
1227	0.0010151375738235112
1228	0.0010116213242917782
1229	0.001008117268310019
1230	0.0010046253232665941
1231	0.0010011454950307772
1232	0.0009976777196607205
1233	0.0009942219254330496
1234	0.0009907781371991061
1235	0.0009873462578971067
1236	0.0009839262650625357
1237	0.0009805181343512008
1238	0.0009771218024060607
1239	0.0009737372196267223
1240	0.0009703643952749768
1241	0.0009670032198994148
1242	0.000963653691986239
1243	0.0009603157837777746
1244	0.0009569894130170492
1245	0.0009536745778697034
1246	0.000950371237730277
1247	0.0009470793148212158
1248	0.0009437988148057405
1249	0.0009405296769734925
1250	0.0009372718342024439
1251	0.0009340253097004589
1252	0.0009307900117766836
1253	0.0009275659197309886
1254	0.0009243530102437103
1255	0.0009211512234688924
1256	0.0009179605130636415
1257	0.0009147808875542741
1258	0.0009116122435490581
1259	0.0009084545800970757
1260	0.0009053078706136728
1261	0.0009021720377703124
1262	0.0008990470797533342
1263	0.0008959329582197114
1264	0.0008928295999436062
1265	0.0008897370103861176
1266	0.0008866551319083558
1267	0.0008835839016973238
1268	0.0008805233414247058
1269	0.0008774733645079301
1270	0.0008744339517793057
1271	0.0008714050810096278
1272	0.0008683866956356107
1273	0.0008653787523608986
1274	0.000862381259030323
1275	0.0008593941179770333
1276	0.0008564173287530706
1277	0.0008534508659039181
1278	0.0008504946567342176
1279	0.0008475486994551435
1280	0.0008446129578598757
1281	0.0008416873630082199
1282	0.0008387719201633626
1283	0.0008358665746056916
1284	0.0008329712675573827
1285	0.0008300860192541177
1286	0.0008272107479370575
1287	0.0008243454358630983
1288	0.0008214900618456718
1289	0.0008186445724237384
1290	0.0008158089271511326
1291	0.000812983133240854
1292	0.0008101670984347052
1293	0.0008073608227327018
1294	0.0008045642817687028
1295	0.0008017774072030376
1296	0.0007990001972752269
1297	0.0007962326177953704
1298	0.0007934746038583187
1299	0.0007907261605342977
1300	0.0007879872358772752
1301	0.0007852577748888361
1302	0.0007825377964616232
1303	0.0007798272233923705
1304	0.0007771260392620414
1305	0.0007744342238803034
1306	0.0007717517267183284
1307	0.0007690785099960358
1308	0.0007664145803409094
1309	0.0007637598506042255
1310	0.000761114321184443
1311	0.0007584779687622216
1312	0.0007558507290935
1313	0.0007532326004483352
1314	0.0007506235505418661
1315	0.00074802351826762
1316	0.0007454325085079986
1317	0.0007428504719519711
1318	0.0007402773571407497
1319	0.0007377131817111203
1320	0.0007351578727619871
1321	0.0007326114151047379
1322	0.0007300737895006003
1323	0.0007275449481927699
1324	0.0007250248558940477
1325	0.0007225135186902365
1326	0.0007200108542591696
1327	0.0007175168633522998
1328	0.0007150315236569126
1329	0.0007125547747797172
1330	0.0007100866150234266
1331	0.0007076270139022089
1332	0.0007051759138863271
1333	0.0007027333196746506
1334	0.0007002991844602923
1335	0.0006978734600984571
1336	0.0006954561630527087
1337	0.0006930472244837941
1338	0.0006906466303468443
1339	0.0006882543623118905
1340	0.0006858703752422363
1341	0.0006834946361818933
1342	0.0006811271507153581
1343	0.0006787678410801797
1344	0.0006764167083386869
1345	0.0006740737311461832
1346	0.000671738852729684
1347	0.0006694120714268609
1348	0.0006670933584504721
1349	0.0006647826596376984
1350	0.0006624799795098926
1351	0.0006601852736385324
1352	0.00065789849698246
1353	0.0006556196649076571
1354	0.0006533487124116841
1355	0.0006510856265117211
1356	0.0006488303897452556
1357	0.0006465829594526211
1358	0.0006443433048579126
1359	0.0006421114310815382
1360	0.0006398872646681915
1361	0.0006376708069533669
1362	0.000635462037522868
1363	0.000633260903007169
1364	0.0006310674017799755
1365	0.0006288815066588057
1366	0.0006267031666508479
1367	0.0006245323861039752
1368	0.0006223691228498043
1369	0.000620213334753108
1370	0.0006180650361543
1371	0.0006159241656732543
1372	0.0006137907113140413
1373	0.0006116646564427764
1374	0.0006095459607407378
1375	0.0006074345954700327
1376	0.0006053305653225731
1377	0.000603233800911611
1378	0.0006011443038111436
1379	0.0005990620545002684
1380	0.0005969870028100111
1381	0.000594919147151494
1382	0.0005928584618568002
1383	0.0005908048989181169
1384	0.0005887584625152782
1385	0.0005867191126264331
1386	0.000584686809836825
1387	0.0005826615675289735
1388	0.0005806433277431723
1389	0.0005786320793999706
1390	0.0005766278066559455
1391	0.0005746304714056933
1392	0.000572640046816925
1393	0.0005706565371845661
1394	0.0005686798769659585
1395	0.0005667100679417258
1396	0.0005647470914491555
1397	0.0005627909003275484
1398	0.0005608414930270729
1399	0.0005588988453100333
1400	0.0005569629119788519
1401	0.0005550336970498403
1402	0.0005531111625408183
1403	0.0005511952715839527
1404	0.000549286036665947
1405	0.0005473834030575938
1406	0.0005454873605301802
1407	0.000543597893994973
1408	0.0005417149674378355
1409	0.0005398385558088198
1410	0.0005379686630357019
1411	0.0005361052272072325
1412	0.0005342482502813296
1413	0.0005323977144198232
1414	0.0005305535752901851
1415	0.000528715831381857
1416	0.000526884459808048
1417	0.0005250594180170724
1418	0.0005232407098668229
1419	0.0005214282993117045
1420	0.0005196221518691051
1421	0.0005178222791884252
1422	0.0005160286295909826
1423	0.000514241193637258
1424	0.0005124599569592749
1425	0.0005106848855196736
1426	0.0005089159559340033
1427	0.0005071531717913496
1428	0.0005053964746108267
1429	0.00050364586650167
1430	0.0005019013304163688
1431	0.0005001628246817242
1432	0.0004984303478272314
1433	0.0004967038782415204
1434	0.0004949833758635467
1435	0.0004932688443983613
1436	0.0004915602496396652
1437	0.0004898575593371645
1438	0.0004881607843583732
1439	0.00048646987590515646
1440	0.00048478482527053045
1441	0.00048310561877353404
1442	0.0004814322242457228
1443	0.00047976461985967177
1444	0.00047810280889149783
1445	0.0004764467361003774
1446	0.000474796403723696
1447	0.00047315179547236923
1448	0.0004715128721732608
1449	0.00046987963239593193
1450	0.00046825205573386273
1451	0.00046663010447099365
1452	0.0004650137821637229
1453	0.00046340305635296714
1454	0.0004617978968784465
1455	0.0004601983138767531
1456	0.00045860426126956326
1457	0.0004570157310299705
1458	0.0004554327101323152
1459	0.00045385516817457764
1460	0.00045228308478435786
1461	0.0004507164629493345
1462	0.0004491552504894413
1463	0.00044759944974799635
1464	0.0004460490451638455
1465	0.00044450399991417285
1466	0.00044296431260890747
1467	0.0004414299639787218
1468	0.0004399009185158005
1469	0.00043837717963268285
1470	0.0004368587165295312
1471	0.0004353455010181131
1472	0.00043383754250437103
1473	0.00043233479752659905
1474	0.0004308372586719674
1475	0.0004293449135403524
1476	0.0004278577333992096
1477	0.0004263756992810953
1478	0.0004248988137724023
1479	0.0004234270277194871
1480	0.0004219603435071565
1481	0.00042049874627212314
1482	0.0004190422014008522
1483	0.0004175907075441287
1484	0.0004161442465064528
1485	0.00041470278485853236
1486	0.0004132663258741773
1487	0.0004118348403291577
1488	0.0004104083018983247
1489	0.00040898671925314924
1490	0.0004075700514541895
1491	0.0004061582916405678
1492	0.0004047514280087568
1493	0.0004033494334038466
1494	0.00040195229017124355
1495	0.00040056000052730216
1496	0.00039917251817368765
1497	0.00039778984552295765
1498	0.000396411968380768
1499	0.0003950388542106006
1500	0.0003936705017035307
1501	0.0003923068936783394
1502	0.0003909479986628102
1503	0.00038959381979643645
1504	0.000388244329350884
1505	0.00038689950274351084
1506	0.0003855593479645463
1507	0.0003842238264499572
1508	0.00038289293185227256
1509	0.0003815666529367915
1510	0.0003802449640398508
1511	0.0003789278487310733
1512	0.0003776153088909086
1513	0.0003763073009106822
1514	0.0003750038272194055
1515	0.00037370487426349047
1516	0.0003724104114595121
1517	0.0003711204375384284
1518	0.0003698349362767792
1519	0.00036855387804451403
1520	0.0003672772658519023
1521	0.0003660050733908733
1522	0.0003647372777076499
1523	0.0003634738861609815
1524	0.00036221486242464084
1525	0.00036096020062794363
1526	0.0003597098900783205
1527	0.0003584639065219427
1528	0.0003572222346701823
1529	0.00035598487609876054
1530	0.00035475178973204527
1531	0.00035352297800606214
1532	0.0003522984279811458
1533	0.00035107811090942027
1534	0.000349862025561783
1535	0.00034865015661906704
1536	0.0003474424761857186
1537	0.00034623898714669556
1538	0.0003450396645429282
1539	0.00034384448694335955
1540	0.00034265346112134196
1541	0.0003414665528582455
1542	0.00034028375672675237
1543	0.0003391050625510828
1544	0.00033793044740949293
1545	0.00033675989707844604
1546	0.00033559341285760815
1547	0.0003344309560573218
1548	0.0003332725291367866
1549	0.0003321181196684826
1550	0.00033096770070628606
1551	0.00032982127103506814
1552	0.0003286788161893235
1553	0.0003275403099067454
1554	0.0003264057549514394
1555	0.00032527512764465443
1556	0.00032414840797910874
1557	0.0003230256021856577
1558	0.00032190667803100103
1559	0.00032079163049915577
1560	0.00031968044990737294
1561	0.00031857311459282427
1562	0.0003174696113250918
1563	0.00031636994115391613
1564	0.0003152740676373485
1565	0.00031418199325619476
1566	0.00031309370605090206
1567	0.00031200918079273227
1568	0.00031092841627374055
1569	0.0003098513988345136
1570	0.00030877810374995134
1571	0.0003077085336680122
1572	0.00030664266612531
1573	0.0003055804824454718
1574	0.00030452198835640646
1575	0.00030346715349527414
1576	0.0003024159732280066
1577	0.0003013684383413825
1578	0.0003003245283626016
1579	0.0002992842309872263
1580	0.0002982475470394248
1581	0.0002972144421939256
1582	0.0002961849189427762
1583	0.0002951589657816323
1584	0.0002941365590905092
1585	0.00029311769767152566
1586	0.00029210236862672303
1587	0.0002910905486781761
1588	0.00029008224036152706
1589	0.0002890774223673129
1590	0.00028807607726318333
1591	0.000287078210311281
1592	0.00028608379291021504
1593	0.0002850928207807123
1594	0.00028410528515704554
1595	0.0002831211666910184
1596	0.0002821404539411099
1597	0.0002811631475285709
1598	0.00028018921512171306
1599	0.0002792186592142782
1600	0.0002782514687438443
1601	0.00027728762159792274
1602	0.00027632711659136735
1603	0.0002753699415448315
1604	0.00027441607454301817
1605	0.00027346551801339956
1606	0.0002725182517417692
1607	0.0002715742594581814
1608	0.0002706335459937906
1609	0.0002696960844063407
1610	0.00026876187074569594
1611	0.00026783089667234926
1612	0.0002669031439011097
1613	0.0002659786017948877
1614	0.00026505727079204777
1615	0.00026413912043885956
1616	0.0002632241532222387
1617	0.00026231235850879785
1618	0.00026140371559781517
1619	0.00026049822331961954
1620	0.0002595958701732427
1621	0.0002586966355261113
1622	0.00025780052170133397
1623	0.0002569075095244809
1624	0.00025601758381196794
1625	0.00025513074899561104
1626	0.0002542469796960981
1627	0.0002533662722687394
1628	0.00025248861877999224
1629	0.0002516140019489969
1630	0.0002507424118885792
1631	0.0002498738488729815
1632	0.0002490082842171864
1633	0.00024814572039353363
1634	0.0002472861471849459
1635	0.0002464295452131619
1636	0.00024557591332562676
1637	0.0002447252406620618
1638	0.0002438775077974423
1639	0.00024303271695438368
1640	0.00024219084994501228
1641	0.0002413518926011152
1642	0.00024051584898489666
1643	0.0002396826951891752
1644	0.0002388524278522309
1645	0.00023802503942753323
1646	0.00023720051358327288
1647	0.00023637884113074557
1648	0.00023556002219748292
1649	0.00023474402976428544
1650	0.00023393086628232775
1651	0.00023312052193759592
1652	0.00023231297859066917
1653	0.0002315082351079656
1654	0.0002307062812339298
1655	0.00022990709868005342
1656	0.00022911068957247145
1657	0.00022831703665951181
1658	0.00022752612672145343
1659	0.0002267379634786282
1660	0.00022595252441044621
1661	0.0002251698064175634
1662	0.00022438980232170985
1663	0.00022361249668802804
1664	0.00022283788097867552
1665	0.00022206595519004321
1666	0.00022129669387162187
1667	0.00022053009944784035
1668	0.0002197661624947826
1669	0.00021900486603332512
1670	0.00021824620895007055
1671	0.00021749018156057707
1672	0.0002167367666461725
1673	0.00021598596623977978
1674	0.0002152377639783253
1675	0.00021449214752824685
1676	0.00021374912029357618
1677	0.00021300866105943388
1678	0.00021227076696991415
1679	0.00021153543119721945
1680	0.0002108026391541057
1681	0.0002100723829087077
1682	0.00020934466234088896
1683	0.00020861945347756724
1684	0.0002078967587108969
1685	0.00020717656899456741
1686	0.0002064588684360697
1687	0.0002057436559434064
1688	0.0002050309223709323
1689	0.00020432065150728705
1690	0.00020361284529675142
1691	0.00020290748821583535
1692	0.00020220456876210132
1693	0.0002015040900460863
1694	0.00020080603208268114
1695	0.00020011039224115772
1696	0.00019941716402755002
1697	0.00019872633365543171
1698	0.00019803789375731084
1699	0.00019735184410936096
1700	0.00019666816213009979
1701	0.00019598685017486187
1702	0.00019530789956227748
1703	0.0001946312954172097
1704	0.00019395703667020634
1705	0.00019328511468419713
1706	0.00019261551419564416
1707	0.00019194823706412457
1708	0.00019128326856127903
1709	0.00019062059796242238
1710	0.0001899602281059556
1711	0.0001893021401651804
1712	0.00018864633171776266
1713	0.00018799279658739302
1714	0.00018734152174407678
1715	0.0001866925003459827
1716	0.00018604573207753414
1717	0.00018540119566749273
1718	0.00018475889343061007
1719	0.0001841188170379709
1720	0.00018348095256710633
1721	0.00018284529897156544
1722	0.00018221184809435098
1723	0.00018158058556413866
1724	0.00018095151315864215
1725	0.00018032461690399337
1726	0.00017969988680171782
1727	0.00017907732543871892
1728	0.00017845691507896734
1729	0.00017783865349307106
1730	0.0001772225348069118
1731	0.0001766085467051886
1732	0.0001759966828350527
1733	0.00017538694280020114
1734	0.00017477930656331978
1735	0.00017417377639498637
1736	0.00017357034430634776
1737	0.00017296899726703825
1738	0.00017236973425404959
1739	0.00017177254756338702
1740	0.00017117742366320004
1741	0.00017058436425245043
1742	0.00016999335607318223
1743	0.00016940438980451804
1744	0.0001688174678010707
1745	0.00016823257335392956
1746	0.0001676497044119762
1747	0.00016706885538836412
1748	0.00016649001464308832
1749	0.00016591317627822957
1750	0.00016533833982659298
1751	0.0001647654864125797
1752	0.0001641946182598281
1753	0.0001636257277074236
1754	0.00016305880255992487
1755	0.00016249384181817774
1756	0.0001619308382055844
1757	0.00016136977898029216
1758	0.0001608106657650182
1759	0.00016025348598125907
1760	0.00015969823094035012
1761	0.00015914490278225526
1762	0.00015859348576504812
1763	0.00015804397800244784
1764	0.0001574963741807345
1765	0.00015695066329751145
1766	0.0001564068398781476
1767	0.00015586490339344493
1768	0.0001553248360616546
1769	0.00015478664005668665
1770	0.00015425030803385822
1771	0.0001537158285791469
1772	0.00015318320071732168
1773	0.00015265241757481557
1774	0.00015212346715325187
1775	0.00015159635100172014
1776	0.00015107105718604376
1777	0.00015054757760748642
1778	0.0001500259142076654
1779	0.00014950605215508392
1780	0.0001489879897153851
1781	0.00014847172183460889
1782	0.00014795723811244103
1783	0.0001474445334677732
1784	0.00014693360731734016
1785	0.0001464244429093424
1786	0.00014591704236576966
1787	0.00014541139864627297
1788	0.00014490750106818946
1789	0.0001444053486801549
1790	0.00014390493498868078
1791	0.00014340624869467485
1792	0.00014290929127617108
1793	0.00014241405141017212
1794	0.00014192052154801102
1795	0.00014142870344791434
1796	0.00014093858313561172
1797	0.00014045015901676468
1798	0.00013996342628399018
1799	0.00013947837510558354
1800	0.0001389950007665577
1801	0.00013851330263555664
1802	0.000138033264931431
1803	0.0001375548897220584
1804	0.0001370781702599778
1805	0.00013660309654671158
1806	0.00013612966765437888
1807	0.0001356578774480182
1808	0.0001351877152861971
1809	0.0001347191825782569
1810	0.00013425226858057576
1811	0.00013378696625746176
1812	0.00013332327719766572
1813	0.0001328611882335809
1814	0.00013240069789986138
1815	0.00013194180162331046
1816	0.00013148449010887256
1817	0.0001310287589930582
1818	0.00013057460756856902
1819	0.0001301220210023387
1820	0.0001296710012950456
1821	0.00012922154198067123
1822	0.0001287736337008542
1823	0.00012832727555081239
1824	0.00012788246173327746
1825	0.0001274391822254322
1826	0.00012699743837008766
1827	0.0001265572199728645
1828	0.00012611852047599386
1829	0.0001256813413116771
1830	0.00012524567007139435
1831	0.00012481150540835656
1832	0.00012437884297144972
1833	0.00012394767397222914
1834	0.00012351799437293834
1835	0.0001230898034000697
1836	0.0001226630871108451
1837	0.00012223784743874762
1838	0.00012181407818814862
1839	0.00012139177059908066
1840	0.00012097092378945574
1841	0.00012055153228010476
1842	0.00012013358662979046
1843	0.0001197170881167402
1844	0.00011930202706720322
1845	0.0001188883973686002
1846	0.00011847620030819696
1847	0.00011806542419176062
1848	0.0001176560677812756
1849	0.000117248126936227
1850	0.0001168415933459576
1851	0.00011643646327454761
1852	0.00011603273589106432
1853	0.00011563039808849786
1854	0.00011522945173425534
1855	0.00011482989088896713
1856	0.0001144317073553936
1857	0.00011403490027215035
1858	0.00011363946445969961
1859	0.00011324539102342332
1860	0.00011285268117889561
1861	0.00011246132574540414
1862	0.00011207131902503337
1863	0.00011168266217084248
1864	0.00011129534416049235
1865	0.00011090936385542358
1866	0.00011052471731477938
1867	0.00011014139667851987
1868	0.00010975939848985173
1869	0.00010937872186844571
1870	0.00010899935449167726
1871	0.00010862129816432536
1872	0.00010824454718270212
1873	0.00010786909388543168
1874	0.00010749493742780346
1875	0.00010712207291216323
1876	0.00010675049195742244
1877	0.00010638019571836454
1878	0.00010601117548115737
1879	0.00010564342593360255
1880	0.0001052769481045466
1881	0.00010491173160424721
1882	0.00010454777538258676
1883	0.00010418507568998296
1884	0.00010382362509044941
1885	0.00010346342038587892
1886	0.00010310446065176739
1887	0.00010274673430309912
1888	0.00010239024308130492
1889	0.0001020349815093521
1890	0.00010168094242571284
1891	0.00010132812500177898
1892	0.00010097652460511029
1893	0.00010062613333692811
1894	0.00010027695229269513
1895	9.992897320055661e-05
1896	9.958219110707969e-05
1897	9.923660692584068e-05
1898	9.889221086768905e-05
1899	9.854900194508024e-05
1900	9.82069766072415e-05
1901	9.786612781177587e-05
1902	9.752645260112729e-05
1903	9.718795000774386e-05
1904	9.685060914378502e-05
1905	9.651443168528466e-05
1906	9.617941237301544e-05
1907	9.584554451149117e-05
1908	9.551282728757531e-05
1909	9.518125631794011e-05
1910	9.485082415671366e-05
1911	9.45215318414865e-05
1912	9.419337151852334e-05
1913	9.386633856769138e-05
1914	9.354043379564555e-05
1915	9.321564797724821e-05
1916	9.289198018202599e-05
1917	9.256942704591952e-05
1918	9.224798189756694e-05
1919	9.192764200120855e-05
1920	9.160840635238095e-05
1921	9.129026471670219e-05
1922	9.097321870494086e-05
1923	9.065726326682504e-05
1924	9.034239214105072e-05
1925	9.002860452926416e-05
1926	8.971589628205238e-05
1927	8.94042603784304e-05
1928	8.909369779950777e-05
1929	8.878420108691543e-05
1930	8.847576593001525e-05
1931	8.816839303592034e-05
1932	8.786207370905398e-05
1933	8.755680707087653e-05
1934	8.725258993237897e-05
1935	8.694941597173732e-05
1936	8.664728265747575e-05
1937	8.634618895374808e-05
1938	8.604612523820533e-05
1939	8.574709305663007e-05
1940	8.544908755896756e-05
1941	8.515210288826989e-05
1942	8.485613825994279e-05
1943	8.456118974409418e-05
1944	8.42672507182688e-05
1945	8.397432210827527e-05
1946	8.368239682929682e-05
1947	8.339147085792585e-05
1948	8.310154480859838e-05
1949	8.281261048249778e-05
1950	8.252466704823955e-05
1951	8.223771148076645e-05
1952	8.195173778741377e-05
1953	8.166674362442977e-05
1954	8.138272792949557e-05
1955	8.109968165339946e-05
1956	8.081760627716216e-05
1957	8.053649714226506e-05
1958	8.025634876818878e-05
1959	7.997716038305518e-05
1960	7.969892826276682e-05
1961	7.942164615835532e-05
1962	7.914531494156571e-05
1963	7.886992788040061e-05
1964	7.859548121760254e-05
1965	7.832197548124774e-05
1966	7.804940293847632e-05
1967	7.777776280038174e-05
1968	7.750705219525128e-05
1969	7.723726544029753e-05
1970	7.69684003640842e-05
1971	7.670045588206611e-05
1972	7.643342348142418e-05
1973	7.616730457886252e-05
1974	7.59020946989618e-05
1975	7.563778871121466e-05
1976	7.537438585548648e-05
1977	7.511188260043977e-05
1978	7.485027304704982e-05
1979	7.4589558013991e-05
1980	7.432973110243132e-05
1981	7.407078880159326e-05
1982	7.381273155895009e-05
1983	7.355555207839423e-05
1984	7.329924960925945e-05
1985	7.304382142318574e-05
1986	7.278926212877126e-05
1987	7.253556971263561e-05
1988	7.228274307176423e-05
1989	7.203077419524211e-05
1990	7.177966443580784e-05
1991	7.152940949302452e-05
1992	7.128000456173444e-05
1993	7.103144889248844e-05
1994	7.078373913433524e-05
1995	7.053686971606909e-05
1996	7.029084140440528e-05
1997	7.004564811479791e-05
1998	6.980128656468078e-05
1999	6.955775712625678e-05
2000	6.93150529127556e-05
2001	6.907317320762689e-05
2002	6.883211541654607e-05
2003	6.859187442209275e-05
2004	6.835244835563873e-05
2005	6.811383609900282e-05
2006	6.787603011080461e-05
2007	6.763903168050057e-05
2008	6.74028366745624e-05
2009	6.716744059023348e-05
2010	6.69328426877808e-05
2011	6.669903978510261e-05
2012	6.64660266178289e-05
2013	6.623380390198223e-05
2014	6.600236584955647e-05
2015	6.577170938907868e-05
2016	6.554183482248233e-05
2017	6.531273564661761e-05
2018	6.508441117541011e-05
2019	6.485685893970273e-05
2020	6.463007407973473e-05
2021	6.44040548593954e-05
2022	6.41788001484401e-05
2023	6.395430284452545e-05
2024	6.373056417479969e-05
2025	6.350758016505779e-05
2026	6.328534659348896e-05
2027	6.306386272923484e-05
2028	6.284312554833176e-05
2029	6.262313007370517e-05
2030	6.240387697206579e-05
2031	6.218536073510684e-05
2032	6.196757848678568e-05
2033	6.17505304636229e-05
2034	6.153421052185484e-05
2035	6.131861800276378e-05
2036	6.110375055430482e-05
2037	6.0889603559004105e-05
2038	6.067617540208061e-05
2039	6.046346494424858e-05
2040	6.025146549377885e-05
2041	6.004017821677026e-05
2042	5.982959929112476e-05
2043	5.961972475624909e-05
2044	5.941055388962511e-05
2045	5.920208381546811e-05
2046	5.899430982587486e-05
2047	5.878723253992336e-05
