	k
0	0.0683977725
1	0.06863551325103205
2	0.06887408035448228
3	0.06911347668263194
4	0.06935370511774608
5	0.06959476855210789
6	0.06983666988805391
7	0.07007941203800862
8	0.0703229979245198
9	0.07056743048029347
10	0.07081271264822941
11	0.07105884738145639
12	0.0713058376433679
13	0.07155368640765779
14	0.07180239665835592
15	0.07205197138986433
16	0.07230241360699305
17	0.07255372632499653
18	0.07280591256960967
19	0.0730589753770845
20	0.07331291779422652
21	0.07356774287843161
22	0.07382345369772256
23	0.07408005333078632
24	0.07433754486701076
25	0.07459593140652215
26	0.0748552160602223
27	0.075115401949826
28	0.07537649220789877
29	0.07563848997789438
30	0.07590139841419291
31	0.07616522068213845
32	0.07642995995807753
33	0.07669561942939705
34	0.07696220229456295
35	0.07722971176315843
36	0.07749815105592286
37	0.0777675234047904
38	0.07803783205292887
39	0.07830908025477899
40	0.07858127127609332
41	0.07885440839397584
42	0.07912849489692111
43	0.0794035340848542
44	0.07967952926917007
45	0.07995648377277376
46	0.08023440093012009
47	0.0805132840872541
48	0.08079313660185117
49	0.08107396184325737
50	0.08135576319253028
51	0.08163854404247942
52	0.08192230779770734
53	0.08220705787465035
54	0.08249279770161996
55	0.08277953071884385
56	0.08306726037850758
57	0.0833559901447958
58	0.08364572349393438
59	0.083936463914232
60	0.08422821490612203
61	0.08452097998220508
62	0.08481476266729082
63	0.08510956649844087
64	0.08540539502501096
65	0.08570225180869405
66	0.08600014042356285
67	0.08629906445611323
68	0.08659902750530696
69	0.08690003318261552
70	0.08720208511206315
71	0.08750518693027079
72	0.08780934228649977
73	0.08811455484269555
74	0.0884208282735322
75	0.08872816626645624
76	0.0890365725217314
77	0.08934605075248278
78	0.089656604684742
79	0.08996823805749159
80	0.09028095462271045
81	0.09059475814541863
82	0.09090965240372305
83	0.09122564118886256
84	0.09154272830525396
85	0.09186091757053767
86	0.09218021281562351
87	0.09250061788473718
88	0.09282213663546617
89	0.09314477293880659
90	0.09346853067920934
91	0.09379341375462732
92	0.09411942607656201
93	0.0944465715701108
94	0.09477485417401402
95	0.09510427784070262
96	0.09543484653634564
97	0.09576656424089777
98	0.09609943494814768
99	0.09643346266576565
100	0.09676865141535225
101	0.09710500523248634
102	0.09744252816677408
103	0.09778122428189728
104	0.09812109765566271
105	0.09846215238005078
106	0.09880439256126525
107	0.09914782231978236
108	0.09949244579040047
109	0.09983826712229002
110	0.1001852904790432
111	0.10053352003872448
112	0.10088295999392043
113	0.1012336145517906
114	0.10158548793411798
115	0.10193858437735984
116	0.10229290813269878
117	0.10264846346609392
118	0.10300525465833218
119	0.10336328600507994
120	0.10372256181693462
121	0.10408308641947671
122	0.10444486415332181
123	0.10480789937417277
124	0.10517219645287236
125	0.10553775977545568
126	0.10590459374320307
127	0.1062727027726931
128	0.10664209129585571
129	0.10701276376002561
130	0.10738472462799577
131	0.1077579783780712
132	0.10813252950412286
133	0.10850838251564172
134	0.1088855419377931
135	0.10926401231147122
136	0.10964379819335361
137	0.11002490415595637
138	0.11040733478768883
139	0.11079109469290904
140	0.11117618849197913
141	0.11156262082132093
142	0.1119503963334718
143	0.11233951969714066
144	0.11272999559726415
145	0.1131218287350631
146	0.11351502382809915
147	0.11390958561033136
148	0.11430551883217352
149	0.11470282826055103
150	0.11510151867895853
151	0.11550159488751732
152	0.11590306170303327
153	0.11630592395905477
154	0.1167101865059309
155	0.11711585421086987
156	0.11752293195799755
157	0.11793142464841648
158	0.11834133720026448
159	0.11875267454877433
160	0.11916544164633283
161	0.11957964346254062
162	0.11999528498427192
163	0.12041237121573461
164	0.12083090717853048
165	0.12125089791171569
166	0.1216723484718614
167	0.12209526393311465
168	0.12251964938725966
169	0.12294550994377866
170	0.12337285072991401
171	0.12380167689072932
172	0.12423199358917197
173	0.12466380600613483
174	0.12509711934051884
175	0.12553193880929558
176	0.12596826964757007
177	0.1264061171086438
178	0.12684548646407792
179	0.1272863830037569
180	0.12772881203595185
181	0.12817277888738496
182	0.12861828890329302
183	0.1290653474474924
184	0.12951395990244302
185	0.1299641316693137
186	0.13041586816804682
187	0.13086917483742366
188	0.13132405713512998
189	0.13178052053782172
190	0.13223857054119073
191	0.13269821266003118
192	0.13315945242830596
193	0.13362229539921297
194	0.13408674714525248
195	0.13455281325829377
196	0.13502049934964278
197	0.1354898110501095
198	0.13596075401007568
199	0.1364333338995632
200	0.1369075564083019
201	0.1373834272457985
202	0.1378609521414049
203	0.13834013684438765
204	0.1388209871239967
205	0.1393035087695353
206	0.1397877075904292
207	0.1402735894162971
208	0.14076116009702058
209	0.14125042550281447
210	0.14174139152429768
211	0.14223406407256403
212	0.14272844907925344
213	0.1432245524966234
214	0.14372238029762058
215	0.1442219384759526
216	0.14472323304616067
217	0.14522627004369126
218	0.14573105552496954
219	0.14623759556747165
220	0.1467458962697984
221	0.14725596375174826
222	0.14776780415439136
223	0.14828142364014324
224	0.14879682839283914
225	0.14931402461780835
226	0.149833018541949
227	0.1503538164138032
228	0.15087642450363173
229	0.1514008491034903
230	0.15192709652730446
231	0.15245517311094647
232	0.15298508521231088
233	0.15351683921139148
234	0.15405044151035793
235	0.15458589853363297
236	0.1551232167279697
237	0.15566240256252906
238	0.15620346252895814
239	0.1567464031414677
240	0.15729123093691136
241	0.15783795247486343
242	0.15838657433769876
243	0.1589371031306714
244	0.15948954548199426
245	0.16004390804291907
246	0.16060019748781626
247	0.1611584205142555
248	0.16171858384308607
249	0.16228069421851826
250	0.16284475840820387
251	0.16341078320331842
252	0.16397877541864228
253	0.16454874189264332
254	0.16512068948755856
255	0.16569462508947755
256	0.1662705556084246
257	0.16684848797844246
258	0.16742842915767542
259	0.16801038612845343
260	0.168594365897376
261	0.16918037549539636
262	0.16976842197790667
263	0.17035851242482222
264	0.17095065394066744
265	0.17154485365466066
266	0.1721411187208007
267	0.17273945631795248
268	0.17333987364993358
269	0.1739423779456011
270	0.17454697645893852
271	0.17515367646914315
272	0.1757624852807137
273	0.17637341022353845
274	0.17698645865298296
275	0.17760163794997932
276	0.1782189555211144
277	0.17883841879871956
278	0.1794600352409596
279	0.180083812331923
280	0.1807097575817118
281	0.18133787852653202
282	0.18196818272878448
283	0.18260067777715583
284	0.1832353712867099
285	0.18387227089897928
286	0.18451138428205763
287	0.18515271913069148
288	0.18579628316637348
289	0.18644208413743493
290	0.18709012981913922
291	0.18774042801377544
292	0.18839298655075232
293	0.18904781328669243
294	0.18970491610552684
295	0.19036430291859016
296	0.19102598166471538
297	0.19168996031033006
298	0.19235624684955152
299	0.19302484930428387
300	0.19369577572431382
301	0.1943690341874083
302	0.19504463279941123
303	0.19572257969434126
304	0.19640288303448974
305	0.19708555101051897
306	0.1977705918415608
307	0.19845801377531552
308	0.19914782508815146
309	0.19984003408520404
310	0.20053464910047655
311	0.20123167849693965
312	0.20193113066663285
313	0.2026330140307649
314	0.2033373370398156
315	0.20404410817363733
316	0.20475333594155723
317	0.20546502888247964
318	0.20617919556498882
319	0.2068958445874524
320	0.20761498457812433
321	0.20833662419524954
322	0.20906077212716737
323	0.20978743709241687
324	0.21051662783984132
325	0.21124835314869378
326	0.21198262182874264
327	0.21271944272037785
328	0.21345882469471722
329	0.21420077665371326
330	0.21494530753026056
331	0.21569242628830285
332	0.21644214192294153
333	0.2171944634605435
334	0.21794939995885002
335	0.21870696050708577
336	0.2194671542260683
337	0.22022999026831772
338	0.220995477818167
339	0.22176362609187256
340	0.22253444433772518
341	0.22330794183616132
342	0.22408412789987492
343	0.2248630118739295
344	0.22564460313587062
345	0.226428911095839
346	0.2272159451966834
347	0.2280057149140747
348	0.22879822975661981
349	0.22959349926597622
350	0.23039153301696677
351	0.23119234061769503
352	0.23199593170966096
353	0.23280231596787695
354	0.23361150310098436
355	0.23442350285137029
356	0.23523832499528516
357	0.23605597934296008
358	0.23687647573872508
359	0.23769982406112775
360	0.238526034223052
361	0.2393551161718375
362	0.2401870798893995
363	0.24102193539234887
364	0.2418596927321128
365	0.2427003619950558
366	0.24354395330260106
367	0.2443904768113524
368	0.24523994271321659
369	0.24609236123552594
370	0.24694774264116146
371	0.24780609722867647
372	0.24866743533242058
373	0.24953176732266408
374	0.2503991036057228
375	0.25126945462408357
376	0.25214283085652955
377	0.25301924281826677
378	0.2538987010610506
379	0.25478121617331273
380	0.2556667987802888
381	0.25655545954414616
382	0.25744720916411223
383	0.25834205837660357
384	0.2592400179553548
385	0.2601410987115486
386	0.2610453114939457
387	0.2619526671890156
388	0.26286317672106757
389	0.2637768510523821
390	0.264693701183343
391	0.2656137381525701
392	0.2665369730370516
393	0.26746341695227766
394	0.26839308105237447
395	0.26932597653023815
396	0.2702621146176699
397	0.271201506585511
398	0.2721441637437783
399	0.273090097441801
400	0.27403931906835666
401	0.2749918400518087
402	0.2759476718602437
403	0.27690682600161
404	0.27786931402385556
405	0.27883514751506755
406	0.2798043381036115
407	0.2807768974582715
408	0.2817528372883907
409	0.2827321693440122
410	0.28371490541602057
411	0.2847010573362837
412	0.28569063697779545
413	0.2866836562548184
414	0.2876801271230273
415	0.28868006157965354
416	0.28968347166362857
417	0.2906903694557297
418	0.29170076707872533
419	0.29271467669752066
420	0.2937321105193045
421	0.294753080793696
422	0.29577759981289226
423	0.2968056799118162
424	0.2978373334682653
425	0.29887257290306013
426	0.2999114106801948
427	0.30095385930698587
428	0.3019999313342239
429	0.30304963935632406
430	0.30410299601147783
431	0.3051600139818053
432	0.3062207059935077
433	0.3072850848170208
434	0.30835316326716844
435	0.309424954203317
436	0.31050047052953006
437	0.311579725194724
438	0.3126627311928237
439	0.313749501562919
440	0.31484004938942173
441	0.31593438780222327
442	0.31703252997685266
443	0.3181344891346351
444	0.31924027854285114
445	0.32034991151489656
446	0.3214634014104426
447	0.32258076163559674
448	0.3237020056430641
449	0.3248271469323095
450	0.32595619904972006
451	0.327089175588768
452	0.32822609019017457
453	0.3293669565420741
454	0.33051178838017903
455	0.3316605994879451
456	0.33281340369673723
457	0.3339702148859964
458	0.33513104698340623
459	0.3362959139650612
460	0.3374648298556344
461	0.3386378087285471
462	0.33981486470613725
463	0.3409960119598303
464	0.3421812647103094
465	0.3433706372276868
466	0.34456414383167555
467	0.34576179889176195
468	0.3469636168273786
469	0.34816961210807784
470	0.34937979925370627
471	0.3505941928345792
472	0.3518128074716563
473	0.3530356578367177
474	0.3542627586525403
475	0.3554941246930754
476	0.3567297707836264
477	0.35796971180102716
478	0.3592139626738214
479	0.3604625383824423
480	0.3617154539593928
481	0.3629727244894267
482	0.36423436510973006
483	0.3655003910101038
484	0.3667708174331464
485	0.3680456596744372
486	0.36932493308272096
487	0.3706086530600924
488	0.3718968350621815
489	0.3731894945983401
490	0.37448664723182806
491	0.375788308580001
492	0.37709449431449815
493	0.378405220161431
494	0.37972050190157297
495	0.3810403553705488
496	0.38236479645902605
497	0.38369384111290555
498	0.38502750533351393
499	0.386365805177796
500	0.38770875675850835
501	0.3890563762444131
502	0.3904086798604725
503	0.39176568388804467
504	0.3931274046650793
505	0.39449385858631425
506	0.39586506210347333
507	0.397241031725464
508	0.3986217840185765
509	0.40000733560668295
510	0.40139770317143764
511	0.4027929034524778
512	0.40419295324762544
513	0.4055978694130892
514	0.40700766886366735
515	0.4084223685729519
516	0.40984198557353224
517	0.41126653695720083
518	0.4126960398751585
519	0.4141305115382215
520	0.4155699692170281
521	0.4170144302422468
522	0.4184639120047852
523	0.41991843195599904
524	0.42137800760790245
525	0.42284265653337877
526	0.4243123963663922
527	0.4257872448021999
528	0.42726721959756553
529	0.4287523385709723
530	0.4302426196028379
531	0.43173808063573016
532	0.4332387396745824
533	0.43474461478691034
534	0.43625572410303004
535	0.43777208581627575
536	0.4392937181832192
537	0.44082063952388933
538	0.44235286822199266
539	0.44389042272513507
540	0.4454333215450435
541	0.446981583257789
542	0.44853522650401023
543	0.4500942699891383
544	0.4516587324836216
545	0.4532286328231516
546	0.4548039899088902
547	0.4563848227076969
548	0.4579711502523573
549	0.4595629916418121
550	0.46116036604138727
551	0.46276329268302463
552	0.4643717908655135
553	0.4659858799547227
554	0.46760557938383457
555	0.4692309086535779
556	0.4708618873324634
557	0.472498535057019
558	0.4741408715320264
559	0.47578891653075817
560	0.47744268989521615
561	0.4791022115363699
562	0.4807675014343966
563	0.4824385796389218
564	0.48411546626926055
565	0.48579818151465953
566	0.4874867456345409
567	0.489181178958745
568	0.49088150188777613
569	0.4925877348930476
570	0.4942998985171284
571	0.4960180133739907
572	0.4977421001492576
573	0.49947217960045265
574	0.5012082725572494
575	0.5029503999217223
576	0.5046985826685985
577	0.5064528418455103
578	0.5082131985732484
579	0.5099796740460163
580	0.5117522895316856
581	0.5135310663720519
582	0.5153160259830918
583	0.5171071898552205
584	0.5189045795535511
585	0.5207082167181538
586	0.5225181230643164
587	0.5243343203828063
588	0.5261568305401317
589	0.5279856754788066
590	0.5298208772176133
591	0.5316624578518684
592	0.5335104395536885
593	0.5353648445722575
594	0.5372256952340941
595	0.5390930139433208
596	0.5409668231819333
597	0.5428471455100721
598	0.5447340035662929
599	0.5466274200678398
600	0.548527417810919
601	0.5504340196709728
602	0.5523472486029557
603	0.5542671276416095
604	0.556193679901742
605	0.5581269285785044
606	0.5600668969476713
607	0.5620136083659202
608	0.563967086271113
609	0.5659273541825784
610	0.5678944357013948
611	0.5698683545106743
612	0.5718491343758486
613	0.5738367991449542
614	0.57583137274892
615	0.5778328792018554
616	0.5798413426013392
617	0.58185678712871
618	0.5838792370493575
619	0.5859087167130138
620	0.5879452505540477
621	0.589988863091758
622	0.592039578930669
623	0.5940974227608271
624	0.5961624193580974
625	0.5982345935844626
626	0.6003139703883217
627	0.602400574804791
628	0.604494431956005
629	0.6065955670514195
630	0.6087040053881143
631	0.6108197723510983
632	0.6129428934136152
633	0.6150733941374497
634	0.6172113001732359
635	0.6193566372607653
636	0.6215094312292979
637	0.623669707997872
638	0.6258374935756168
639	0.6280128140620652
640	0.6301956956474688
641	0.6323861646131125
642	0.634584247331631
643	0.6367899702673265
644	0.6390033599764877
645	0.6412244431077084
646	0.6434532464022095
647	0.6456897966941606
648	0.6479341209110028
649	0.650186246073773
650	0.6524461992974294
651	0.6547140077911782
652	0.6569896988588001
653	0.6592732998989804
654	0.6615648384056383
655	0.6638643419682574
656	0.6661718382722188
657	0.6684873550991337
658	0.6708109203271782
659	0.6731425619314292
660	0.6754823079842005
661	0.6778301866553814
662	0.6801862262127758
663	0.6825504550224419
664	0.6849229015490346
665	0.6873035943561482
666	0.6896925621066587
667	0.6920898335630717
668	0.6944954375878655
669	0.6969094031438416
670	0.6993317592944709
671	0.7017625352042457
672	0.7042017601390286
673	0.7066494634664077
674	0.7091056746560469
675	0.7115704232800436
676	0.7140437390132836
677	0.7165256516337969
678	0.7190161910231194
679	0.7215153871666493
680	0.7240232701540114
681	0.7265398701794156
682	0.7290652175420246
683	0.7315993426463149
684	0.7341422760024459
685	0.7366940482266247
686	0.7392546900414771
687	0.741824232276415
688	0.7444027058680099
689	0.7469901418603645
690	0.7495865714054848
691	0.7521920257636585
692	0.7548065363038281
693	0.7574301345039712
694	0.7600628519514769
695	0.7627047203435292
696	0.7653557714874851
697	0.7680160373012611
698	0.770685549813714
699	0.7733643411650297
700	0.7760524436071086
701	0.7787498895039529
702	0.7814567113320587
703	0.7841729416808046
704	0.7868986132528464
705	0.7896337588645082
706	0.79237841144618
707	0.7951326040427122
708	0.7978963698138156
709	0.8006697420344574
710	0.8034527540952655
711	0.8062454395029285
712	0.8090478318805983
713	0.8118599649682975
714	0.8146818726233226
715	0.8175135888206547
716	0.8203551476533657
717	0.8232065833330312
718	0.8260679301901401
719	0.8289392226745104
720	0.8318204953557014
721	0.8347117829234323
722	0.8376131201879977
723	0.8405245420806886
724	0.8434460836542123
725	0.8463777800831127
726	0.8493196666641972
727	0.8522717788169583
728	0.8552341520840028
729	0.858206822131477
730	0.8611898247494993
731	0.8641831958525876
732	0.867186971480095
733	0.8702011877966408
734	0.8732258810925483
735	0.8762610877842808
736	0.8793068444148786
737	0.8823631876544021
738	0.8854301543003699
739	0.8885077812782048
740	0.8915961056416759
741	0.894695164573347
742	0.8978049953850216
743	0.9009256355181954
744	0.9040571225445034
745	0.9071994941661758
746	0.91035278821649
747	0.913517042660225
748	0.9166922955941221
749	0.9198785852473391
750	0.9230759499819149
751	0.9262844282932271
752	0.92950405881046
753	0.9327348802970653
754	0.9359769316512325
755	0.9392302519063539
756	0.9424948802314981
757	0.9457708559318778
758	0.9490582184493263
759	0.952357007362771
760	0.9556672623887085
761	0.9589890233816862
762	0.9623223303347782
763	0.9656672233800705
764	0.9690237427891406
765	0.9723919289735461
766	0.9757718224853074
767	0.9791634640173997
768	0.9825668944042393
769	0.9859821546221782
770	0.9894092857899967
771	0.9928483291693961
772	0.9962993261654998
773	0.9997623183273471
774	1.0032373473483978
775	1.00672445506703
776	1.0102236834670484
777	1.013735074678185
778	1.0172586709766107
779	1.02079451478544
780	1.0243426486752458
781	1.0279031153645704
782	1.0314759577204373
783	1.0350612187588724
784	1.0386589416454164
785	1.0422691696956496
786	1.0458919463757088
787	1.0495273153028148
788	1.0531753202457936
789	1.0568360051256074
790	1.060509414015879
791	1.0641955911434269
792	1.0678945808887939
793	1.0716064277867838
794	1.0753311765269982
795	1.0790688719543704
796	1.0828195590697114
797	1.0865832830302458
798	1.0903600891501601
799	1.094150022901145
800	1.0979531299129457
801	1.1017694559739075
802	1.1055990470315322
803	1.1094419491930256
804	1.1132982087258578
805	1.1171678720583174
806	1.1210509857800692
807	1.12494759664272
808	1.1288577515603753
809	1.1327814976102097
810	1.1367188820330294
811	1.1406699522338444
812	1.1446347557824361
813	1.1486133404139334
814	1.152605754029383
815	1.1566120446963315
816	1.1606322606494
817	1.1646664502908655
818	1.168714662191246
819	1.1727769450898815
820	1.1768533478955252
821	1.1809439196869278
822	1.1850487097134326
823	1.1891677673955643
824	1.193301142325629
825	1.1974488842683055
826	1.2016110431612501
827	1.2057876691156928
828	1.2099788124170443
829	1.2141845235255009
830	1.218404853076649
831	1.222639851882079
832	1.2268895709299932
833	1.2311540613858238
834	1.235433374592844
835	1.2397275620727917
836	1.2440366755264838
837	1.2483607668344445
838	1.2526998880575246
839	1.2570540914375332
840	1.261423429397864
841	1.2658079545441248
842	1.2702077196647754
843	1.2746227777317587
844	1.2790531819011421
845	1.2834989855137542
846	1.28796024209583
847	1.2924370053596526
848	1.2969293292042026
849	1.301437267715804
850	1.3059608751687783
851	1.3105002060260975
852	1.3150553149400361
853	1.3196262567528352
854	1.324213086497357
855	1.3288158593977522
856	1.3334346308701202
857	1.3380694565231814
858	1.3427203921589417
859	1.3473874937733685
860	1.3520708175570615
861	1.3567704198959327
862	1.361486357371881
863	1.3662186867634774
864	1.3709674650466475
865	1.3757327493953548
866	1.3805145971822939
867	1.3853130659795756
868	1.3901282135594262
869	1.3949600978948766
870	1.399808777160467
871	1.4046743097329406
872	1.4095567541919525
873	1.4144561693207696
874	1.419372614106983
875	1.424306147743216
876	1.429256829627835
877	1.4342247193656688
878	1.439209876768722
879	1.4442123618568992
880	1.449232234858723
881	1.454269556212064
882	1.459324386564864
883	1.4643967867758703
884	1.469486817915364
885	1.4745945412659
886	1.479720018323042
887	1.4848633107961013
888	1.490024480608885
889	1.4952035899004352
890	1.5004007010257836
891	1.5056158765566956
892	1.5108491792824301
893	1.5161006722104895
894	1.5213704185673838
895	1.5266584817993867
896	1.5319649255733048
897	1.537289813777238
898	1.5426332105213543
899	1.54799518013866
900	1.5533757871857703
901	1.558775096443694
902	1.5641931729186052
903	1.5696300818426336
904	1.5750858886746437
905	1.5805606591010277
906	1.5860544590364918
907	1.591567354624855
908	1.5970994122398394
909	1.6026506984858755
910	1.6082212801989002
911	1.6138112244471607
912	1.619420598532027
913	1.625049469988795
914	1.6306979065875078
915	1.636365976333763
916	1.64205374746954
917	1.6477612884740134
918	1.6534886680643854
919	1.6592359551967055
920	1.665003219066707
921	1.6707905291106382
922	1.6765979550060939
923	1.6824255666728627
924	1.6882734342737606
925	1.6941416282154822
926	1.700030219149443
927	1.7059392779726352
928	1.711868875828476
929	1.7178190841076697
930	1.7237899744490612
931	1.7297816187405042
932	1.7357940891197239
933	1.7418274579751833
934	1.7478817979469614
935	1.753957181927619
936	1.7600536830630849
937	1.766171374753529
938	1.7723103306542531
939	1.778470624676571
940	1.7846523309887043
941	1.7908555240166695
942	1.7970802784451807
943	1.8033266692185417
944	1.8095947715415541
945	1.8158846608804216
946	1.8221964129636532
947	1.8285301037829844
948	1.8348858095942822
949	1.8412636069184722
950	1.8476635725424517
951	1.8540857835200222
952	1.8605303171728087
953	1.8669972510911994
954	1.8734866631352713
955	1.8799986314357349
956	1.8865332343948709
957	1.8930905506874731
958	1.8996706592618011
959	1.9062736393405229
960	1.9128995704216774
961	1.9195485322796229
962	1.9262206049660058
963	1.9329158688107169
964	1.9396344044228655
965	1.946376292691743
966	1.9531416147878025
967	1.9599304521636347
968	1.9667428865549443
969	1.9735789999815412
970	1.980438874748321
971	1.9873225934462626
972	1.9942302389534152
973	2.001161894435904
974	2.008117643348925
975	2.015097569437754
976	2.0221017567387514
977	2.0291302895803778
978	2.0361832525842054
979	2.0432607306659407
980	2.0503628090364443
981	2.0574895732027554
982	2.064641108969127
983	2.0718175024380514
984	2.079018840011304
985	2.086245208390977
986	2.09349669458053
987	2.1007733858858306
988	2.108075369916213
989	2.1154027345855235
990	2.1227555681131887
991	2.1301339590252724
992	2.137537996155539
993	2.144967768646531
994	2.1524233659506327
995	2.1599048778311567
996	2.1674123943634145
997	2.1749460059358117
998	2.1825058032509266
999	2.1900918773266103
1000	2.1977043194970745
1001	2.2053432214139987
1002	2.213008675047631
1003	2.2207007726878905
1004	2.228419606945488
1005	2.2361652707530304
1006	2.2439378573661495
1007	2.251737460364617
1008	2.2595641736534766
1009	2.2674180914641697
1010	2.2752993083556765
1011	2.283207919215645
1012	2.2911440192615453
1013	2.2991077040418038
1014	2.307099069436963
1015	2.3151182116608324
1016	2.323165227261643
1017	2.3312402131232193
1018	2.339343266466134
1019	2.347474484848889
1020	2.3556339661690817
1021	2.363821808664592
1022	2.372038110914754
1023	2.3802829718415572
1024	2.3885564907108217
1025	2.396858767133406
1026	2.405189901066403
1027	2.4135499928143354
1028	2.4219391430303774
1029	2.4303574527175527
1030	2.438805023229962
1031	2.447281956273994
1032	2.4557883539095577
1033	2.4643243185513044
1034	2.472889952969867
1035	2.48148536029309
1036	2.49011064400728
1037	2.4987659079584454
1038	2.507451256353546
1039	2.516166793761754
1040	2.5249126251157037
1041	2.5336888557127657
1042	2.542495591216304
1043	2.551332937656958
1044	2.5602010014339083
1045	2.569099889316171
1046	2.578029708443868
1047	2.586990566329532
1048	2.595982570859387
1049	2.605005830294659
1050	2.6140604532728737
1051	2.6231465488091614
1052	2.6322642262975786
1053	2.641413595512413
1054	2.6505947666095198
1055	2.6598078501276325
1056	2.6690529569897072
1057	2.6783301985042467
1058	2.6876396863666523
1059	2.6969815326605553
1060	2.7063558498591784
1061	2.715762750826686
1062	2.725202348819536
1063	2.734674757487855
1064	2.7441800908767977
1065	2.7537184634279264
1066	2.763289989980581
1067	2.7728947857732718
1068	2.7825329664450558
1069	2.792204648036941
1070	2.80190994699327
1071	2.811648980163134
1072	2.8214218648017764
1073	2.831228718571995
1074	2.841069659545576
1075	2.850944806204698
1076	2.8608542774433716
1077	2.8707981925688624
1078	2.8807766713031353
1079	2.890789833784285
1080	2.9008378005679956
1081	2.9109206926289786
1082	2.921038631362443
1083	2.9311917385855435
1084	2.941380136538858
1085	2.951603947887855
1086	2.961863295724365
1087	2.9721583035680763
1088	2.9824890953680057
1089	2.9928557955040045
1090	3.0032585287882463
1091	3.0136974204667384
1092	3.0241725962208186
1093	3.0346841821686823
1094	3.045232304866887
1095	3.0558170913118854
1096	3.066438668941554
1097	3.0770971656367188
1098	3.087792709722707
1099	3.0985254299708815
1100	3.1092954556001997
1101	3.120102916278761
1102	3.1309479421253776
1103	3.14183066371113
1104	3.152751212060951
1105	3.163709718655191
1106	3.1747063154312114
1107	3.185741134784969
1108	3.196814309572605
1109	3.2079259731120557
1110	3.219076259184645
1111	3.2302653020367074
1112	3.2414932363811917
1113	3.2527601973992963
1114	3.264066320742083
1115	3.2754117425321234
1116	3.2867965993651262
1117	3.2982210283115916
1118	3.309685166918452
1119	3.321189153210737
1120	3.3327331256932315
1121	3.3443172233521383
1122	3.3559415856567627
1123	3.367606352561178
1124	3.3793116645059245
1125	3.3910576624196866
1126	3.402844487721004
1127	3.4146722823199593
1128	3.4265411886199004
1129	3.438451349519142
1130	3.450402908412699
1131	3.4623960091940047
1132	3.474430796256641
1133	3.486507414496088
1134	3.4986260093114545
1135	3.510786726607242
1136	3.522989712795088
1137	3.535235114795544
1138	3.5475230800398263
1139	3.559853756471611
1140	3.5722272925487957
1141	3.5846438372453022
1142	3.597103540052864
1143	3.609606550982821
1144	3.6221530205679375
1145	3.6347430998642016
1146	3.6473769404526566
1147	3.660054694441212
1148	3.6727765144664906
1149	3.68554255369565
1150	3.6983529658282426
1151	3.71120790509805
1152	3.724107526274955
1153	3.7370519846667953
1154	3.750041436121234
1155	3.7630760370276435
1156	3.776155944318976
1157	3.7892813154736675
1158	3.802452308517519
1159	3.8156690820256127
1160	3.8289317951242086
1161	3.842240607492674
1162	3.855595679365389
1163	3.868997171533696
1164	3.8824452453478147
1165	3.8959400627188012
1166	3.909481786120492
1167	3.9230705785914513
1168	3.936706603736951
1169	3.950390025730924
1170	3.964121009317954
1171	3.977899719815247
1172	3.991726323114633
1173	4.005600985684554
1174	4.019523874572076
1175	4.03349515740489
1176	4.047515002393344
1177	4.06158357833246
1178	4.07570105460396
1179	4.089867601178321
1180	4.104083388616805
1181	4.118348588073528
1182	4.132663371297505
1183	4.1470279106347325
1184	4.161442379030252
1185	4.1759069500302415
1186	4.1904217977840945
1187	4.204987097046526
1188	4.219603023179677
1189	4.234269752155213
1190	4.248987460556459
1191	4.2637563255805135
1192	4.278576525040391
1193	4.2934482373671505
1194	4.308371641612063
1195	4.3233469174487436
1196	4.338374245175338
1197	4.35345380571667
1198	4.3685857806264465
1199	4.383770352089415
1200	4.399007702923577
1201	4.4142980165823875
1202	4.42964147715695
1203	4.445038269378248
1204	4.460488578619359
1205	4.475992590897698
1206	4.491550492877238
1207	4.507162471870782
1208	4.522828715842192
1209	4.538549413408678
1210	4.554324753843044
1211	4.570154927075988
1212	4.586040123698378
1213	4.601980534963543
1214	4.617976352789587
1215	4.634027769761689
1216	4.650134979134431
1217	4.666298174834113
1218	4.682517551461103
1219	4.698793304292164
1220	4.715125629282819
1221	4.731514723069699
1222	4.7479607829729185
1223	4.764464006998451
1224	4.7810245938405
1225	4.797642742883913
1226	4.814318654206562
1227	4.8310525285817665
1228	4.847844567480698
1229	4.8646949730748235
1230	4.881603948238315
1231	4.898571696550518
1232	4.915598422298381
1233	4.932684330478934
1234	4.949829626801736
1235	4.967034517691371
1236	4.984299210289923
1237	5.0016239124594675
1238	5.0190088327845865
1239	5.0364541805748635
1240	5.0539601658674185
1241	5.071526999429423
1242	5.0891548927606545
1243	5.106844058096022
1244	5.124594708408143
1245	5.142407057409885
1246	5.160281319556963
1247	5.178217710050502
1248	5.196216444839634
1249	5.214277740624104
1250	5.232401814856868
1251	5.2505888857467236
1252	5.268839172260922
1253	5.287152894127823
1254	5.30553027183952
1255	5.323971526654515
1256	5.342476880600363
1257	5.361046556476361
1258	5.379680777856226
1259	5.398379769090776
1260	5.41714375531065
1261	5.435972962428997
1262	5.454867617144221
1263	5.473827946942685
1264	5.49285418010147
1265	5.511946545691107
1266	5.531105273578354
1267	5.55033059442894
1268	5.569622739710365
1269	5.588981941694668
1270	5.608408433461239
1271	5.6279024488996185
1272	5.647464222712303
1273	5.667093990417596
1274	5.686791988352413
1275	5.706558453675156
1276	5.726393624368544
1277	5.7462977392425
1278	5.766271037937005
1279	5.786313760925004
1280	5.806426149515281
1281	5.826608445855384
1282	5.846860892934527
1283	5.867183734586514
1284	5.8875772154926915
1285	5.90804158118487
1286	5.9285770780483045
1287	5.949183953324639
1288	5.969862455114904
1289	5.990612832382483
1290	6.011435334956132
1291	6.03233021353296
1292	6.053297719681478
1293	6.074338105844607
1294	6.095451625342718
1295	6.1166385323766965
1296	6.137899082030982
1297	6.159233530276664
1298	6.180642133974537
1299	6.202125150878218
1300	6.2236828396372275
1301	6.245315459800126
1302	6.267023271817615
1303	6.288806537045695
1304	6.310665517748795
1305	6.332600477102941
1306	6.354611679198925
1307	6.376699389045466
1308	6.398863872572433
1309	6.4211053966340135
1310	6.443424229011953
1311	6.465820638418756
1312	6.488294894500947
1313	6.510847267842287
1314	6.533478029967062
1315	6.556187453343325
1316	6.5789758113861945
1317	6.601843378461143
1318	6.624790429887289
1319	6.64781724194073
1320	6.6709240918578505
1321	6.694111257838676
1322	6.717379019050208
1323	6.740727655629801
1324	6.764157448688514
1325	6.787668680314521
1326	6.811261633576481
1327	6.834936592526968
1328	6.858693842205878
1329	6.882533668643869
1330	6.906456358865791
1331	6.930462200894156
1332	6.954551483752593
1333	6.978724497469358
1334	7.002981533080779
1335	7.027322882634793
1336	7.051748839194445
1337	7.076259696841451
1338	7.100855750679682
1339	7.125537296838756
1340	7.150304632477612
1341	7.175158055788048
1342	7.200097865998343
1343	7.2251243633768425
1344	7.250237849235602
1345	7.275438625933973
1346	7.300726996882272
1347	7.3261032665454175
1348	7.351567740446627
1349	7.37712072517105
1350	7.40276252836948
1351	7.428493458762085
1352	7.454313826142075
1353	7.4802239413794664
1354	7.5062241164248045
1355	7.532314664312953
1356	7.558495899166818
1357	7.584768136201157
1358	7.611131691726364
1359	7.6375868831522995
1360	7.664134028992077
1361	7.6907734488659205
1362	7.717505463505
1363	7.744330394755325
1364	7.771248565581572
1365	7.798260300070992
1366	7.825365923437346
1367	7.8525657620247635
1368	7.879860143311706
1369	7.907249395914898
1370	7.93473384959331
1371	7.962313835252083
1372	7.989989684946544
1373	8.017761731886191
1374	8.045630310438728
1375	8.073595756134058
1376	8.101658405668326
1377	8.12981859690802
1378	8.158076668893967
1379	8.186432961845469
1380	8.214887817164367
1381	8.24344157743919
1382	8.272094586449235
1383	8.30084718916873
1384	8.329699731770976
1385	8.358652561632548
1386	8.387706027337424
1387	8.416860478681215
1388	8.446116266675393
1389	8.475473743551467
1390	8.504933262765263
1391	8.53449517900116
1392	8.564159848176395
1393	8.593927627445291
1394	8.623798875203605
1395	8.653773951092807
1396	8.683853216004463
1397	8.714037032084516
1398	8.744325762737676
1399	8.77471977263182
1400	8.805219427702335
1401	8.835825095156553
1402	8.866537143478155
1403	8.89735594243165
1404	8.928281863066763
1405	8.959315277722943
1406	8.990456560033833
1407	9.021706084931791
1408	9.05306422865237
1409	9.084531368738853
1410	9.11610788404684
1411	9.147794154748752
1412	9.179590562338442
1413	9.21149748963577
1414	9.243515320791253
1415	9.27564444129063
1416	9.307885237959542
1417	9.340238098968172
1418	9.37270341383595
1419	9.405281573436195
1420	9.437972970000846
1421	9.470777997125209
1422	9.503697049772642
1423	9.536730524279351
1424	9.569878818359133
1425	9.603142331108218
1426	9.63652146301
1427	9.670016615939913
1428	9.703628193170232
1429	9.737356599374987
1430	9.77120224063476
1431	9.805165524441625
1432	9.839246859704026
1433	9.873446656751746
1434	9.907765327340783
1435	9.942203284658339
1436	9.976760943327827
1437	10.011438719413801
1438	10.046237030427001
1439	10.081156295329368
1440	10.116196934539124
1441	10.15135936993577
1442	10.186644024865213
1443	10.22205132414484
1444	10.257581694068666
1445	10.293235562412416
1446	10.329013358438702
1447	10.364915512902222
1448	10.40094245805488
1449	10.437094627651037
1450	10.473372456952715
1451	10.509776382734868
1452	10.546306843290592
1453	10.582964278436434
1454	10.619749129517665
1455	10.656661839413646
1456	10.693702852543089
1457	10.730872614869439
1458	10.768171573906281
1459	10.805600178722655
1460	10.843158879948517
1461	10.88084812978013
1462	10.918668381985565
1463	10.95662009191009
1464	10.994703716481691
1465	11.032919714216572
1466	11.071268545224694
1467	11.109750671215268
1468	11.148366555502335
1469	11.187116663010384
1470	11.22600146027988
1471	11.265021415472926
1472	11.30417699837888
1473	11.343468680420049
1474	11.382896934657303
1475	11.42246223579582
1476	11.462165060190765
1477	11.502005885853084
1478	11.541985192455183
1479	11.582103461336741
1480	11.622361175510541
1481	11.662758819668207
1482	11.703296880186098
1483	11.743975845131134
1484	11.784796204266721
1485	11.825758449058572
1486	11.866863072680681
1487	11.90811057002123
1488	11.949501437688594
1489	11.991036174017252
1490	12.032715279073821
1491	12.074539254663119
1492	12.116508604334118
1493	12.158623833386073
1494	12.200885448874574
1495	12.243293959617697
1496	12.285849876202057
1497	12.328553710989011
1498	12.371405978120796
1499	12.41440719352677
1500	12.457557874929547
1501	12.500858541851287
1502	12.544309715619915
1503	12.587911919375463
1504	12.631665678076274
1505	12.675571518505379
1506	12.71962996927686
1507	12.763841560842158
1508	12.808206825496487
1509	12.852726297385239
1510	12.897400512510448
1511	12.942230008737182
1512	12.987215325800062
1513	13.032357005309729
1514	13.07765559075943
1515	13.123111627531479
1516	13.168725662903848
1517	13.214498246056818
1518	13.2604299280795
1519	13.30652126197652
1520	13.352772802674657
1521	13.399185107029579
1522	13.445758733832456
1523	13.492494243816754
1524	13.539392199664952
1525	13.586453166015374
1526	13.633677709468902
1527	13.68106639859584
1528	13.728619803942804
1529	13.776338498039506
1530	13.8242230554057
1531	13.872274052558074
1532	13.920492068017248
1533	13.968877682314652
1534	14.017431477999573
1535	14.066154039646145
1536	14.115045953860433
1537	14.164107809287422
1538	14.213340196618143
1539	14.262743708596817
1540	14.312318940027929
1541	14.36206648778342
1542	14.411986950809862
1543	14.462080930135725
1544	14.512349028878521
1545	14.562791852252122
1546	14.613410007574027
1547	14.664204104272724
1548	14.71517475389494
1549	14.766322570113052
1550	14.81764816873252
1551	14.869152167699207
1552	14.92083518710688
1553	14.97269784920465
1554	15.02474077840452
1555	15.076964601288816
1556	15.129369946617782
1557	15.181957445337131
1558	15.234727730585698
1559	15.287681437702968
1560	15.340819204236778
1561	15.394141669951033
1562	15.447649476833318
1563	15.501343269102689
1564	15.5552236932174
1565	15.609291397882748
1566	15.663547034058784
1567	15.71799125496822
1568	15.772624716104266
1569	15.827448075238568
1570	15.882461992429052
1571	15.937667130027904
1572	15.993064152689602
1573	16.048653727378817
1574	16.10443652337851
1575	16.160413212297954
1576	16.21658446808089
1577	16.272950967013536
1578	16.32951338773281
1579	16.386272411234444
1580	16.44322872088127
1581	16.50038300241134
1582	16.557735943946245
1583	16.615288235999373
1584	16.67304057148429
1585	16.730993645722975
1586	16.789148156454242
1587	16.847504803842202
1588	16.906064290484576
1589	16.964827321421243
1590	17.023794604142665
1591	17.082966848598502
1592	17.142344767206044
1593	17.201929074858846
1594	17.261720488935328
1595	17.32171972930745
1596	17.381927518349308
1597	17.442344580945846
1598	17.502971644501674
1599	17.563809438949686
1600	17.62485869675995
1601	17.686120152948465
1602	17.747594545086102
1603	17.809282613307353
1604	17.87118510031934
1605	17.933302751410714
1606	17.995636314460683
1607	18.058186539947926
1608	18.120954180959675
1609	18.183939993200845
1610	18.247144735003015
1611	18.310569167333625
1612	18.37421405380512
1613	18.438080160684194
1614	18.502168256900937
1615	18.56647911405813
1616	18.631013506440517
1617	18.69577221102421
1618	18.76075600748591
1619	18.825965678212366
1620	18.891402008309846
1621	18.95706578561348
1622	19.022957800696812
1623	19.089078846881293
1624	19.15542972024589
1625	19.222011219636585
1626	19.28882414667604
1627	19.355869305773215
1628	19.423147504133162
1629	19.490659551766576
1630	19.55840626149965
1631	19.626388448983892
1632	19.69460693270584
1633	19.763062533996997
1634	19.831756077043668
1635	19.90068838889697
1636	19.969860299482683
1637	20.039272641611294
1638	20.108926250988002
1639	20.17882196622286
1640	20.248960628840745
1641	20.31934308329156
1642	20.38997017696044
1643	20.460842760177858
1644	20.53196168622993
1645	20.603327811368654
1646	20.674941994822287
1647	20.74680509880559
1648	20.818917988530274
1649	20.89128153221537
1650	20.96389660109779
1651	21.03676406944267
1652	21.10988481455398
1653	21.183259716785063
1654	21.256889659549298
1655	21.33077552933062
1656	21.404918215694245
1657	21.479318611297472
1658	21.553977611900265
1659	21.628896116376154
1660	21.704075026722986
1661	21.779515248073906
1662	21.85521768870809
1663	21.931183260061797
1664	22.007412876739266
1665	22.08390745652385
1666	22.160667920388914
1667	22.237695192508983
1668	22.314990200270966
1669	22.392553874285145
1670	22.470387148396505
1671	22.54849095969591
1672	22.6268662485315
1673	22.705513958519838
1674	22.7844350365574
1675	22.86363043283191
1676	22.943101100833875
1677	23.02284799736793
1678	23.102872082564417
1679	23.183174319891037
1680	23.263755676164276
1681	23.344617121561175
1682	23.425759629630935
1683	23.507184177306744
1684	23.588891744917408
1685	23.670883316199223
1686	23.753159878307795
1687	23.835722421830013
1688	23.91857194079583
1689	24.00170943269029
1690	24.085135898465644
1691	24.16885234255322
1692	24.252859772875635
1693	24.33715920085887
1694	24.42175164144456
1695	24.50663811310204
1696	24.591819637840732
1697	24.67729724122239
1698	24.76307195237355
1699	24.84914480399776
1700	24.935516832388092
1701	25.022189077439716
1702	25.109162582662233
1703	25.196438395192366
1704	25.28401756580651
1705	25.37190114893348
1706	25.460090202667054
1707	25.54858578877882
1708	25.6373889727309
1709	25.72650082368889
1710	25.815922414534576
1711	25.90565482187892
1712	25.995699126075102
1713	26.086056411231386
1714	26.17672776522426
1715	26.26771427971148
1716	26.35901705014534
1717	26.450637175785676
1718	26.54257575971322
1719	26.634833908842833
1720	26.727412733936927
1721	26.820313349618683
1722	26.913536874385578
1723	27.007084430622793
1724	27.100957144616853
1725	27.19515614656899
1726	27.28968257060887
1727	27.3845375548083
1728	27.479722241194782
1729	27.575237775765366
1730	27.671085308500395
1731	27.76726599337746
1732	27.86378098838513
1733	27.960631455536998
1734	28.05781856088562
1735	28.155343474536675
1736	28.25320737066286
1737	28.351411427518144
1738	28.449956827452002
1739	28.54884475692352
1740	28.648076406515752
1741	28.747652970950035
1742	28.84757564910046
1743	28.947845644008144
1744	29.048464162895833
1745	29.149432417182382
1746	29.250751622497436
1747	29.352422998695914
1748	29.454447769872772
1749	29.556827164377832
1750	29.65956241483039
1751	29.762654758134182
1752	29.866105435492212
1753	29.96991569242181
1754	30.074086778769466
1755	30.178619948725967
1756	30.283516460841472
1757	30.388777578040763
1758	30.494404567638274
1759	30.600398701353438
1760	30.706761255326096
1761	30.813493510131675
1762	30.920596750796726
1763	31.028072266814334
1764	31.13592135215977
1765	31.24414530530588
1766	31.352745429238848
1767	31.461723031473817
1768	31.571079424070753
1769	31.680815923650066
1770	31.79093385140854
1771	31.901434533135347
1772	32.01231929922782
1773	32.12358948470757
1774	32.235246429236554
1775	32.34729147713327
1776	32.45972597738878
1777	32.57255128368307
1778	32.68576875440131
1779	32.7993797526503
1780	32.91338564627471
1781	33.027787807873636
1782	33.14258761481724
1783	33.2577864492631
1784	33.37338569817303
1785	33.48938675332968
1786	33.605791011353446
1787	33.72259987371905
1788	33.83981474677259
1789	33.95743704174838
1790	34.07546817478608
1791	34.193909566947546
1792	34.312762644234084
1793	34.43202883760352
1794	34.551709582987584
1795	34.67180632130903
1796	34.792320498499
1797	34.91325356551463
1798	35.03460697835624
1799	35.15638219808504
1800	35.278580690840656
1801	35.40120392785888
1802	35.52425338548923
1803	35.64773054521282
1804	35.771636893660144
1805	35.89597392262912
1806	36.020743129102826
1807	36.14594601526763
1808	36.27158408853142
1809	36.39765886154147
1810	36.52417185220286
1811	36.65112458369664
1812	36.77851858449833
1813	36.906355388396086
1814	37.03463653450935
1815	37.163363567307265
1816	37.29253803662745
1817	37.422161497694404
1818	37.552235511138385
1819	37.68276164301427
1820	37.813741464820204
1821	37.94517655351669
1822	38.077068491545454
1823	38.20941886684869
1824	38.34222927288792
1825	38.47550130866336
1826	38.60923657873308
1827	38.743436693232475
1828	38.87810326789341
1829	39.013237924063816
1830	39.1488422887273
1831	39.28491799452253
1832	39.42146667976299
1833	39.558489988456714
1834	39.695989570326155
1835	39.83396708082785
1836	39.9724241811725
1837	40.111362538344906
1838	40.25078382512418
1839	40.39068972010366
1840	40.531081907711204
1841	40.671962078229654
1842	40.81333192781689
1843	40.95519315852643
1844	41.09754747832784
1845	41.24039660112748
1846	41.38374224678886
1847	41.52758614115355
1848	41.67193001606182
1849	41.81677560937372
1850	41.962124664989716
1851	42.10797893287181
1852	42.25434016906476
1853	42.401210135716944
1854	42.54859060110175
1855	42.69648333963881
1856	42.844890131915484
1857	42.993812764708075
1858	43.1432530310035
1859	43.29321273002083
1860	43.44369366723303
1861	43.59469765438854
1862	43.746226509533166
1863	43.89828205703212
1864	44.05086612759168
1865	44.20398055828147
1866	44.35762719255645
1867	44.51180788027927
1868	44.66652447774235
1869	44.82177884769031
1870	44.97757285934238
1871	45.13390838841506
1872	45.29078731714443
1873	45.44821153430899
1874	45.60618293525232
1875	45.764703421906084
1876	45.92377490281264
1877	46.083399293148155
1878	46.24357851474582
1879	46.40431449611871
1880	46.56560917248315
1881	46.72746448578197
1882	46.889882384708066
1883	47.052864824727536
1884	47.21641376810346
1885	47.38053118391941
1886	47.54521904810335
1887	47.71047934345114
1888	47.876314059650554
1889	48.042725193305365
1890	48.20971474795913
1891	48.377284734119456
1892	48.54543716928215
1893	48.71417407795569
1894	48.8834974916853
1895	49.0534094490776
1896	49.22391199582508
1897	49.39500718473089
1898	49.56669707573331
1899	49.738983735930624
1900	49.91186923960625
1901	50.08535566825331
1902	50.25944511059998
1903	50.43413966263449
1904	50.60944142763059
1905	50.78535251617254
1906	50.961875046180715
1907	51.139011142937065
1908	51.31676293911083
1909	51.49513257478397
1910	51.67412219747706
1911	51.85373396217527
1912	52.033970031354066
1913	52.214832575005396
1914	52.39632377066374
1915	52.57844580343254
1916	52.761200866010164
1917	52.94459115871655
1918	53.12861888951957
1919	53.31328627406183
1920	53.49859553568704
1921	53.68454890546691
1922	53.87114862222822
1923	54.0583969325794
1924	54.24629609093784
1925	54.43484835955689
1926	54.62405600855333
1927	54.81392131593439
1928	55.00444656762535
1929	55.195634057497
1930	55.38748608739346
1931	55.58000496715956
1932	55.773193014668784
1933	55.96705255585143
1934	56.16158592472218
1935	56.35679546340849
1936	56.552683522178654
1937	56.74925245947033
1938	56.94650464191857
1939	57.14444244438461
1940	57.34306824998425
1941	57.54238445011687
1942	57.74239344449381
1943	57.943097641167526
1944	58.14449945656045
1945	58.34660131549434
1946	58.54940565121909
1947	58.752914905442225
1948	58.957131528358474
1949	59.1620579786789
1950	59.367696723660764
1951	59.57405023913707
1952	59.78112100954667
1953	59.98891152796377
1954	60.19742429612819
1955	60.40666182447539
1956	60.61662663216693
1957	60.8273212471204
1958	61.03874820604009
1959	61.25091005444769
1960	61.463809346712544
1961	61.677448646082716
1962	61.89183052471565
1963	62.10695756370945
1964	62.322832353133535
1965	62.53945749206011
1966	62.756835588595294
1967	62.97496925991083
1968	63.193861132275146
1969	63.41351384108521
1970	63.633930030898455
1971	63.8551123554642
1972	64.07706347775589
1973	64.29978607000298
1974	64.52328281372347
1975	64.74755639975568
1976	64.97260952829097
1977	65.19844490890611
1978	65.42506526059618
1979	65.65247331180687
1980	65.88067180046757
1981	66.1096634740245
1982	66.33945108947343
1983	66.57003741339308
1984	66.80142522197835
1985	67.033617301074
1986	67.26661644620779
1987	67.50042546262435
1988	67.7350471653189
1989	67.97048437907138
1990	68.20673993848007
1991	68.44381668799583
1992	68.68171748195672
1993	68.92044518462181
1994	69.16000267020597
1995	69.40039282291438
1996	69.64161853697753
1997	69.8836827166856
1998	70.1265882764237
1999	70.37033814070693
2000	70.61493524421573
2001	70.86038253183085
2002	71.10668295866907
2003	71.3538394901189
2004	71.6018551018759
2005	71.8507327799788
2006	72.10047552084528
2007	72.3510863313084
2008	72.60256822865223
2009	72.85492424064864
2010	73.10815740559349
2011	73.3622707723435
2012	73.61726740035265
2013	73.8731503597091
2014	74.12992273117219
2015	74.38758760620973
2016	74.64614808703483
2017	74.90560728664339
2018	75.1659683288519
2019	75.42723434833457
2020	75.6894084906613
2021	75.95249391233548
2022	76.21649378083235
2023	76.48141127463651
2024	76.74724958328063
2025	77.01401190738368
2026	77.28170145868968
2027	77.55032146010603
2028	77.81987514574251
2029	78.09036576095036
2030	78.36179656236101
2031	78.63417081792554
2032	78.90749180695384
2033	79.1817628201545
2034	79.45698715967386
2035	79.73316813913613
2036	80.01030908368311
2037	80.28841333001459
2038	80.56748422642795
2039	80.84752513285879
2040	81.12853942092163
2041	81.41053047394993
2042	81.69350168703728
2043	81.97745646707797
2044	82.26239823280848
2045	82.54833041484801
2046	82.83525645574021
2047	83.12317980999443
2048	83.4121039441276
